交易類型,行政區,交易日期,地址,建物型態,移轉層次,總樓層,房型,總坪數,成交總價(萬),車位總價(萬),每坪單價(萬),含車位,車位類別,成交建案名稱,備註
預售屋,鼓山區,2025-11-13,高雄市鼓山區鼓山一路53巷,住宅大樓(11層含以上有電梯),九層,15,1房2廳2衛,38.19,1500.0,210.0,33.78,是,坡道平面,匯埕,
預售屋,鼓山區,2025-11-29,高雄市鼓山區鼓山一路53巷,住宅大樓(11層含以上有電梯),十二層,15,3房2廳2衛,41.57,1680.0,215.0,35.24,是,坡道平面,匯埕,
預售屋,鼓山區,2026-01-13,高雄市鼓山區鼓山一路53巷,住宅大樓(11層含以上有電梯),十二層,15,1房1廳2衛,34.02,1347.0,200.0,33.72,是,坡道平面,匯埕,
預售屋,鼓山區,2026-01-13,高雄市鼓山區鼓山一路53巷,住宅大樓(11層含以上有電梯),十三層,15,3房2廳2衛,41.57,1680.0,215.0,35.24,是,坡道平面,匯埕,
預售屋,鼓山區,2026-01-09,高雄市鼓山區鼓山一路53巷,住宅大樓(11層含以上有電梯),九層,15,3房2廳2衛,41.57,1630.0,210.0,34.16,是,坡道平面,匯埕,
預售屋,鼓山區,2026-01-24,高雄市鼓山區鼓山一路53巷,住宅大樓(11層含以上有電梯),九層,15,1房1廳2衛,38.91,1510.0,210.0,33.41,是,坡道平面,匯埕,
預售屋,三民區,2026-02-03,高雄市三民區三塊厝段四小段2865地號,住宅大樓(11層含以上有電梯),十層,13,3房2廳2衛,32.84,1653.0,150.0,45.77,是,塔式車位,銳揚悅光河,
預售屋,三民區,2026-01-28,高雄市三民區三塊厝段四小段2865地號,住宅大樓(11層含以上有電梯),十一層,13,3房2廳2衛,43.72,2043.0,150.0,43.3,是,塔式車位,銳揚悅光河,
預售屋,三民區,2025-12-11,高雄市三民區覺民路,住宅大樓(11層含以上有電梯),十三層,15,2房1廳1衛,29.13,750.0,160.0,20.25,是,坡道平面,KS1,總價含地上權標的價款236萬元地上權房屋；
預售屋,三民區,2025-12-19,高雄市三民區覺民路,住宅大樓(11層含以上有電梯),三層,15,3房2廳2衛,43.09,1068.0,160.0,21.07,是,坡道平面,KS1,總價含地上權標的價款363萬元地上權房屋；
預售屋,三民區,2025-12-24,高雄市三民區覺民路,住宅大樓(11層含以上有電梯),八層,15,3房1廳2衛,35.87,918.0,150.0,21.41,是,坡道平面,KS1,總價含地上權標的價款307萬元地上權房屋；
預售屋,鳳山區,2026-02-08,高雄市鳳山區鳳頂段44號,華廈(10層含以下有電梯),四層,5,2房1廳2衛,16.89,616.0,0.0,36.47,否,,一琚雲邸,
預售屋,三民區,2025-11-21,高雄市三民區義民段,華廈(10層含以下有電梯),二層,7,1房1廳1衛,19.8,798.0,0.0,40.3,否,,大昌九禾,
預售屋,三民區,2026-01-29,高雄市三民區義民段,華廈(10層含以下有電梯),五層,7,1房1廳1衛,19.8,808.0,0.0,40.81,否,,大昌九禾,
預售屋,三民區,2026-01-31,高雄市三民區義民段,華廈(10層含以下有電梯),五層,7,1房1廳1衛,22.95,920.0,0.0,40.09,否,,大昌九禾,
預售屋,三民區,2025-11-14,高雄市三民區中都段四小段915地號,住宅大樓(11層含以上有電梯),十層,28,4房2廳2衛,55.57,1965.0,80.0,33.92,是,坡道機械,大景旭,
預售屋,三民區,2025-12-12,高雄市三民區大順二路與建興路,住宅大樓(11層含以上有電梯),二層,15,2房1廳2衛,26.05,1090.0,0.0,41.84,否,,大順棧,
預售屋,新興區,2025-11-11,高雄市新興區中山一路,住宅大樓(11層含以上有電梯),十四層,36,2房1廳1衛,25.47,1330.0,0.0,52.22,否,,中山鉑悅,交易總價含下列非屬預售屋價格之費用:裝潢費；傢俱設備費100000元；
預售屋,新興區,2025-11-15,高雄市新興區中山一路,住宅大樓(11層含以上有電梯),七層,36,1房1廳1衛,27.12,1438.0,0.0,53.02,否,,中山鉑悅,交易總價含下列非屬預售屋價格之費用:裝潢費；傢俱設備費100000元；
預售屋,新興區,2025-11-16,高雄市新興區中山一路,住宅大樓(11層含以上有電梯),十一層,36,2房1廳1衛,22.8,1262.0,0.0,55.35,否,,中山鉑悅,交易總價含下列非屬預售屋價格之費用:裝潢費；傢俱設備費100000元；
預售屋,新興區,2025-11-16,高雄市新興區中山一路,住宅大樓(11層含以上有電梯),三十六層,36,2房1廳1衛,22.66,1310.0,0.0,57.81,否,,中山鉑悅,交易總價含下列非屬預售屋價格之費用:裝潢費；傢俱設備費100000元；
預售屋,新興區,2025-11-20,高雄市新興區中山一路,住宅大樓(11層含以上有電梯),十九層,36,1房1廳1衛,28.63,1587.0,130.0,50.89,是,坡道機械,中山鉑悅,交易總價含下列非屬預售屋價格之費用:裝潢費；傢俱設備費100000元；
預售屋,新興區,2025-11-22,高雄市新興區中山一路,住宅大樓(11層含以上有電梯),二十四層,36,3房1廳2衛,46.32,2355.0,220.0,46.09,是,坡道平面,中山鉑悅,交易總價含下列非屬預售屋價格之費用:裝潢費；傢俱設備費150000元；
預售屋,新興區,2025-11-24,高雄市新興區中山一路,住宅大樓(11層含以上有電梯),十九層,36,3房1廳2衛,45.95,2326.0,210.0,46.05,是,坡道平面,中山鉑悅,交易總價含下列非屬預售屋價格之費用:裝潢費；傢俱設備費150000元；
預售屋,新興區,2025-11-26,高雄市新興區中山一路,住宅大樓(11層含以上有電梯),十二層,36,3房1廳2衛,46.32,2307.0,220.0,45.06,是,坡道平面,中山鉑悅,交易總價含下列非屬預售屋價格之費用:裝潢費；傢俱設備費150000元；
預售屋,新興區,2025-11-27,高雄市新興區中山一路,住宅大樓(11層含以上有電梯),三層,36,2房1廳1衛,22.43,1133.0,0.0,50.51,否,,中山鉑悅,交易總價含下列非屬預售屋價格之費用:裝潢費；傢俱設備費100000元；
預售屋,新興區,2025-11-28,高雄市新興區中山一路,住宅大樓(11層含以上有電梯),二十五層,36,2房1廳1衛,22.8,1295.0,0.0,56.8,否,,中山鉑悅,交易總價含下列非屬預售屋價格之費用:裝潢費；傢俱設備費100000元；
預售屋,新興區,2025-11-29,高雄市新興區中山一路,住宅大樓(11層含以上有電梯),二十三層,36,2房1廳1衛,22.8,1290.0,0.0,56.58,否,,中山鉑悅,交易總價含下列非屬預售屋價格之費用:裝潢費；傢俱設備費100000元；
預售屋,新興區,2025-12-03,高雄市新興區中山一路,住宅大樓(11層含以上有電梯),二十六層,36,2房1廳1衛,22.8,1297.0,0.0,56.89,否,,中山鉑悅,交易總價含下列非屬預售屋價格之費用:裝潢費；傢俱設備費100000元；
預售屋,新興區,2025-12-05,高雄市新興區中山一路,住宅大樓(11層含以上有電梯),九層,36,2房1廳1衛,25.47,1317.0,0.0,51.71,否,,中山鉑悅,交易總價含下列非屬預售屋價格之費用:裝潢費；傢俱設備費100000元；
預售屋,新興區,2025-12-06,高雄市新興區中山一路,住宅大樓(11層含以上有電梯),四層,36,2房1廳1衛,25.47,1233.0,0.0,48.41,否,,中山鉑悅,交易總價含下列非屬預售屋價格之費用:裝潢費；傢俱設備費100000元；
預售屋,新興區,2025-12-07,高雄市新興區中山一路,住宅大樓(11層含以上有電梯),十三層,36,2房1廳1衛,25.47,1327.0,0.0,52.1,否,,中山鉑悅,交易總價含下列非屬預售屋價格之費用:裝潢費；傢俱設備費100000元；
預售屋,新興區,2025-12-07,高雄市新興區中山一路,住宅大樓(11層含以上有電梯),十六層,36,1房1廳1衛,27.12,1462.0,0.0,53.91,否,,中山鉑悅,交易總價含下列非屬預售屋價格之費用:裝潢費；傢俱設備費100000元；
預售屋,新興區,2025-12-10,高雄市新興區中山一路,住宅大樓(11層含以上有電梯),三十三層,36,2房1廳1衛,27.21,1498.0,120.0,50.64,是,坡道機械,中山鉑悅,交易總價含下列非屬預售屋價格之費用:裝潢費；傢俱設備費100000元；
預售屋,新興區,2025-12-11,高雄市新興區中山一路,住宅大樓(11層含以上有電梯),十七層,36,1房1廳1衛,28.85,1615.0,150.0,50.78,是,坡道機械,中山鉑悅,交易總價含下列非屬預售屋價格之費用:裝潢費；傢俱設備費100000元；
預售屋,新興區,2025-12-17,高雄市新興區中山一路,住宅大樓(11層含以上有電梯),十層,36,2房1廳1衛,25.47,1320.0,0.0,51.83,否,,中山鉑悅,交易總價含下列非屬預售屋價格之費用:裝潢費；傢俱設備費100000元；
預售屋,新興區,2025-12-23,高雄市新興區中山一路,住宅大樓(11層含以上有電梯),二十五層,36,3房1廳2衛,46.32,2361.0,220.0,46.22,是,坡道平面,中山鉑悅,交易總價含下列非屬預售屋價格之費用:裝潢費；傢俱設備費150000元；
預售屋,新興區,2025-12-24,高雄市新興區中山一路,住宅大樓(11層含以上有電梯),十三層,36,3房1廳2衛,46.32,2331.0,240.0,45.14,是,坡道平面,中山鉑悅,交易總價含下列非屬預售屋價格之費用:裝潢費；傢俱設備費150000元；
預售屋,新興區,2025-12-24,高雄市新興區中山一路,住宅大樓(11層含以上有電梯),十二層,36,2房1廳1衛,25.47,1325.0,0.0,52.02,否,,中山鉑悅,交易總價含下列非屬預售屋價格之費用:裝潢費；傢俱設備費100000元；
預售屋,新興區,2025-12-23,高雄市新興區中山一路,住宅大樓(11層含以上有電梯),十八層,36,1房1廳1衛,26.19,1418.0,0.0,54.14,否,,中山鉑悅,交易總價含下列非屬預售屋價格之費用:裝潢費；傢俱設備費100000元；
預售屋,新興區,2025-12-24,高雄市新興區中山一路,住宅大樓(11層含以上有電梯),三十一層,36,2房1廳1衛,21.9,1303.0,0.0,59.5,否,,中山鉑悅,交易總價含下列非屬預售屋價格之費用:裝潢費；傢俱設備費100000元；
預售屋,新興區,2025-12-27,高雄市新興區中山一路,住宅大樓(11層含以上有電梯),三十二層,36,2房1廳1衛,21.92,1308.0,0.0,59.67,否,,中山鉑悅,交易總價含下列非屬預售屋價格之費用:裝潢費；傢俱設備費100000元；
預售屋,新興區,2025-12-28,高雄市新興區中山一路,住宅大樓(11層含以上有電梯),三十四層,36,3房1廳2衛,46.32,2383.0,240.0,46.27,是,坡道平面,中山鉑悅,交易總價含下列非屬預售屋價格之費用:裝潢費；傢俱設備費150000元；
預售屋,新興區,2025-12-30,高雄市新興區中山一路,住宅大樓(11層含以上有電梯),二十二層,36,1房1廳1衛,26.19,1322.0,0.0,50.48,否,,中山鉑悅,交易總價含下列非屬預售屋價格之費用:裝潢費；傢俱設備費100000元；
預售屋,新興區,2026-01-06,高雄市新興區中山一路,住宅大樓(11層含以上有電梯),十七層,36,3房1廳2衛,46.32,2325.0,220.0,45.44,是,坡道平面,中山鉑悅,交易總價含下列非屬預售屋價格之費用:裝潢費；傢俱設備費150000元；
預售屋,新興區,2026-01-05,高雄市新興區中山一路,住宅大樓(11層含以上有電梯),十一層,36,2房1廳1衛,25.47,1322.0,0.0,51.9,否,,中山鉑悅,交易總價含下列非屬預售屋價格之費用:裝潢費；傢俱設備費100000元；
預售屋,新興區,2026-01-05,高雄市新興區中山一路,住宅大樓(11層含以上有電梯),十層,36,1房1廳1衛,26.19,1397.0,0.0,53.34,否,,中山鉑悅,交易總價含下列非屬預售屋價格之費用:裝潢費；傢俱設備費100000元；
預售屋,新興區,2026-01-17,高雄市新興區中山一路,住宅大樓(11層含以上有電梯),三十四層,36,2房1廳1衛,24.8,1307.0,0.0,52.7,否,,中山鉑悅,交易總價含下列非屬預售屋價格之費用:裝潢費；傢俱設備費100000元；
預售屋,新興區,2026-01-21,高雄市新興區中山一路,住宅大樓(11層含以上有電梯),二十八層,36,2房1廳1衛,22.8,1301.0,0.0,57.06,否,,中山鉑悅,交易總價含下列非屬預售屋價格之費用:裝潢費；傢俱設備費100000元；
預售屋,新興區,2026-01-22,高雄市新興區中山一路,住宅大樓(11層含以上有電梯),二十四層,36,2房1廳1衛,22.8,1292.0,0.0,56.67,否,,中山鉑悅,交易總價含下列非屬預售屋價格之費用:裝潢費；傢俱設備費100000元；
預售屋,新興區,2026-01-24,高雄市新興區中山一路,住宅大樓(11層含以上有電梯),二十層,36,1房1廳2衛,36.43,2050.0,210.0,50.51,是,坡道平面,中山鉑悅,交易總價含下列非屬預售屋價格之費用:裝潢費；傢俱設備費100000元；
預售屋,新興區,2026-01-24,高雄市新興區中山一路,住宅大樓(11層含以上有電梯),三十二層,36,3房1廳2衛,46.32,2390.0,220.0,46.85,是,坡道平面,中山鉑悅,交易總價含下列非屬預售屋價格之費用:裝潢費；傢俱設備費150000元；
預售屋,新興區,2026-01-16,高雄市新興區中山一路,住宅大樓(11層含以上有電梯),五層,36,1房1廳1衛,26.19,1383.0,0.0,52.81,否,,中山鉑悅,交易總價含下列非屬預售屋價格之費用:裝潢費；傢俱設備費100000元；
預售屋,新興區,2026-01-25,高雄市新興區中山一路,住宅大樓(11層含以上有電梯),二十七層,36,2房1廳1衛,22.8,1299.0,0.0,56.97,否,,中山鉑悅,交易總價含下列非屬預售屋價格之費用:裝潢費；傢俱設備費100000元；
預售屋,新興區,2026-01-28,高雄市新興區中山一路,住宅大樓(11層含以上有電梯),十七層,36,2房1廳1衛,25.47,1330.0,0.0,52.22,否,,中山鉑悅,交易總價含下列非屬預售屋價格之費用:裝潢費；傢俱設備費100000元；
預售屋,新興區,2026-01-29,高雄市新興區中山一路,住宅大樓(11層含以上有電梯),八層,36,1房1廳1衛,26.89,1428.0,0.0,53.11,否,,中山鉑悅,交易總價含下列非屬預售屋價格之費用:裝潢費；傢俱設備費100000元；
預售屋,新興區,2026-01-29,高雄市新興區中山一路,住宅大樓(11層含以上有電梯),三十層,36,2房1廳1衛,22.8,1305.0,0.0,57.24,否,,中山鉑悅,交易總價含下列非屬預售屋價格之費用:裝潢費；傢俱設備費100000元；
預售屋,新興區,2026-01-29,高雄市新興區中山一路,住宅大樓(11層含以上有電梯),十四層,36,1房1廳1衛,26.19,1406.0,0.0,53.68,否,,中山鉑悅,交易總價含下列非屬預售屋價格之費用:裝潢費；傢俱設備費100000元；
預售屋,新興區,2026-02-02,高雄市新興區中山一路,住宅大樓(11層含以上有電梯),十六層,36,1房1廳1衛,27.93,1532.0,120.0,50.55,是,坡道機械,中山鉑悅,交易總價含下列非屬預售屋價格之費用:裝潢費；傢俱設備費100000元；
預售屋,新興區,2026-02-02,高雄市新興區中山一路,住宅大樓(11層含以上有電梯),十三層,36,1房1廳1衛,27.93,1524.0,120.0,50.27,是,坡道機械,中山鉑悅,交易總價含下列非屬預售屋價格之費用:裝潢費；傢俱設備費100000元；
預售屋,新興區,2026-02-02,高雄市新興區中山一路,住宅大樓(11層含以上有電梯),二十層,36,1房1廳1衛,27.93,1543.0,120.0,50.95,是,坡道機械,中山鉑悅,交易總價含下列非屬預售屋價格之費用:裝潢費；傢俱設備費100000元；
預售屋,新興區,2026-02-07,高雄市新興區中山一路,住宅大樓(11層含以上有電梯),十六層,36,2房1廳1衛,25.47,1327.0,0.0,52.1,否,,中山鉑悅,交易總價含下列非屬預售屋價格之費用:裝潢費；傢俱設備費100000元；
預售屋,新興區,2026-02-10,高雄市新興區中山一路,住宅大樓(11層含以上有電梯),三十三層,36,3房1廳2衛,46.32,2394.0,220.0,46.93,是,坡道平面,中山鉑悅,交易總價含下列非屬預售屋價格之費用:裝潢費；傢俱設備費150000元；
預售屋,楠梓區,2026-01-22,高雄市楠梓區大學二十九路大學十八街,住宅大樓(11層含以上有電梯),三層,19,2房1廳1衛,24.73,695.0,0.0,28.1,否,,之見築,
預售屋,楠梓區,2026-01-23,高雄市楠梓區大學二十九路大學十八街,住宅大樓(11層含以上有電梯),十一層,19,2房2廳2衛,37.3,997.0,150.0,22.71,是,坡道平面,之見築,
預售屋,楠梓區,2026-02-05,高雄市楠梓區大學二十九路大學十八街,住宅大樓(11層含以上有電梯),四層,19,2房2廳2衛,46.97,1345.0,140.0,25.65,是,坡道機械,之見築,
預售屋,前金區,2026-01-25,高雄市前金區市中一路與光復二街交叉路口,住宅大樓(11層含以上有電梯),二十三層,34,2房1廳1衛,27.1,1483.0,115.0,50.48,是,坡道機械,巴黎河左岸,
預售屋,苓雅區,2025-12-04,高雄市苓雅區泉州街,住宅大樓(11層含以上有電梯),八層,15,2房2廳2衛,46.94,2095.0,310.0,38.03,是,一樓平面,文化星匯,
預售屋,苓雅區,2026-01-04,高雄市苓雅區泉州街,住宅大樓(11層含以上有電梯),十三層,15,2房2廳2衛,48.66,2138.0,300.0,37.77,是,一樓平面,文化星匯,
預售屋,苓雅區,2026-01-11,高雄市苓雅區泉州街,住宅大樓(11層含以上有電梯),九層,15,2房2廳2衛,46.94,2090.0,310.0,37.92,是,一樓平面,文化星匯,
預售屋,苓雅區,2026-01-02,高雄市苓雅區泉州街,住宅大樓(11層含以上有電梯),十二層,15,0房1廳1衛,27.18,1352.0,0.0,49.74,否,,文化星匯,
預售屋,苓雅區,2026-01-17,高雄市苓雅區泉州街,住宅大樓(11層含以上有電梯),八層,15,0房1廳2衛,28.39,1330.0,160.0,41.21,是,升降機械,文化星匯,
預售屋,楠梓區,2025-12-15,高雄市楠梓區大學西路,住宅大樓(11層含以上有電梯),十三層,15,2房2廳2衛,44.27,1693.0,195.0,33.84,是,坡道平面,以學MDT,
預售屋,楠梓區,2025-12-15,高雄市楠梓區大學西路,住宅大樓(11層含以上有電梯),七層,15,2房2廳2衛,33.99,1201.0,155.0,30.77,是,坡道平面,以學MDT,
預售屋,楠梓區,2025-12-15,高雄市楠梓區大學西路,住宅大樓(11層含以上有電梯),九層,15,2房2廳2衛,44.32,1554.0,165.0,31.34,是,坡道平面,以學MDT,
預售屋,楠梓區,2025-12-15,高雄市楠梓區大學西路,住宅大樓(11層含以上有電梯),十一層,15,2房2廳2衛,33.74,1170.0,155.0,30.08,是,坡道平面,以學MDT,
預售屋,楠梓區,2025-12-15,高雄市楠梓區大學西路,住宅大樓(11層含以上有電梯),九層,15,2房2廳2衛,42.63,1545.0,185.0,31.9,是,坡道平面,以學MDT,
預售屋,楠梓區,2025-12-15,高雄市楠梓區大學西路,住宅大樓(11層含以上有電梯),十層,15,2房2廳2衛,34.34,1196.0,165.0,30.02,是,坡道平面,以學MDT,
預售屋,楠梓區,2025-12-15,高雄市楠梓區大學西路,住宅大樓(11層含以上有電梯),十一層,15,2房2廳2衛,34.03,1210.0,165.0,30.71,是,坡道平面,以學MDT,
預售屋,楠梓區,2025-12-15,高雄市楠梓區大學西路,住宅大樓(11層含以上有電梯),七層,15,2房2廳2衛,34.03,1135.0,165.0,28.5,是,坡道平面,以學MDT,
預售屋,楠梓區,2025-12-15,高雄市楠梓區大學西路,住宅大樓(11層含以上有電梯),六層,15,2房2廳2衛,33.68,1120.0,155.0,28.65,是,坡道平面,以學MDT,
預售屋,楠梓區,2025-12-15,高雄市楠梓區大學西路,住宅大樓(11層含以上有電梯),八層,15,2房2廳2衛,47.21,1657.0,185.0,31.18,是,坡道平面,以學MDT,
預售屋,楠梓區,2025-12-15,高雄市楠梓區大學西路,住宅大樓(11層含以上有電梯),十二層,15,2房2廳2衛,44.27,1687.0,195.0,33.7,是,坡道平面,以學MDT,
預售屋,楠梓區,2025-12-15,高雄市楠梓區大學西路,住宅大樓(11層含以上有電梯),七層,15,2房2廳2衛,41.41,1435.0,185.0,30.19,是,坡道平面,以學MDT,
預售屋,楠梓區,2025-12-15,高雄市楠梓區大學西路,住宅大樓(11層含以上有電梯),六層,15,3房2廳2衛,58.16,2066.0,195.0,32.17,是,坡道平面,以學MDT,
預售屋,楠梓區,2026-01-24,高雄市楠梓區大學西路,住宅大樓(11層含以上有電梯),八層,15,2房2廳2衛,41.41,1440.0,185.0,30.31,是,坡道平面,以學MDT,
預售屋,楠梓區,2026-02-07,高雄市楠梓區大學西路,住宅大樓(11層含以上有電梯),八層,15,2房2廳2衛,34.09,1145.0,165.0,28.75,是,坡道平面,以學MDT,
預售屋,楠梓區,2026-02-07,高雄市楠梓區大學西路,住宅大樓(11層含以上有電梯),八層,15,2房2廳2衛,34.03,1142.0,165.0,28.71,是,坡道平面,以學MDT,
預售屋,仁武區,2025-11-11,高雄市仁武區永昌三街,華廈(10層含以下有電梯),五層,5,2房2廳2衛,27.34,880.0,80.0,29.26,是,升降機械,永昌AI新世代,
預售屋,仁武區,2025-12-13,高雄市仁武區永昌三街,華廈(10層含以下有電梯),四層,5,2房2廳2衛,33.43,1075.0,0.0,32.16,否,,永昌AI新世代,
預售屋,仁武區,2026-02-07,高雄市仁武區永昌三街,華廈(10層含以下有電梯),五層,5,2房2廳2衛,21.0,700.0,0.0,33.33,否,,永昌AI新世代,
預售屋,仁武區,2026-02-07,高雄市仁武區永昌三街,華廈(10層含以下有電梯),四層,5,1房2廳2衛,31.97,1028.0,110.0,28.71,是,升降機械,永昌AI新世代,
預售屋,楠梓區,2025-11-15,高雄市楠梓區後勁北路、後勁東路,住宅大樓(11層含以上有電梯),五層,26,1房2廳2衛,48.27,1889.0,175.0,35.51,是,坡道平面,白隅,
預售屋,楠梓區,2025-11-15,高雄市楠梓區後勁北路、後勁東路,住宅大樓(11層含以上有電梯),四層,26,2房2廳2衛,42.84,1741.0,175.0,36.55,是,坡道平面,白隅,
預售屋,前金區,2025-12-06,高雄市前金區北金段359地號,住宅大樓(11層含以上有電梯),六層,15,2房2廳1衛,17.42,828.0,0.0,47.53,否,,立有迎新,
預售屋,三民區,2025-11-17,高雄市三民區建國三路與同盟三路交叉口,住宅大樓(11層含以上有電梯),十七層,27,2房2廳1衛,31.79,1517.0,220.0,40.8,是,坡道平面,立信 立.天下,
預售屋,三民區,2025-12-13,高雄市三民區建國三路與同盟三路交叉口,住宅大樓(11層含以上有電梯),二十一層,28,2房2廳2衛,45.26,2035.0,185.0,40.87,是,坡道平面,立信 立.天下,
預售屋,三民區,2025-12-27,高雄市三民區建國三路與同盟三路交叉口,住宅大樓(11層含以上有電梯),十九層,27,2房2廳2衛,39.51,1777.0,195.0,40.04,是,坡道平面,立信 立.天下,
預售屋,三民區,2026-01-04,高雄市三民區建國三路與同盟三路交叉口,住宅大樓(11層含以上有電梯),十七層,27,3房2廳2衛,50.89,2455.0,250.0,43.33,是,坡道平面,立信 立.天下,
預售屋,三民區,2026-01-13,高雄市三民區建國三路與同盟三路交叉口,住宅大樓(11層含以上有電梯),二十三層,28,2房1廳1衛,28.58,1380.0,200.0,41.29,是,坡道平面,立信 立.天下,
預售屋,新興區,2025-12-23,高雄市新興區興華路,住宅大樓(11層含以上有電梯),二層,15,2房2廳2衛,38.52,1508.0,120.0,36.03,是,坡道機械,仰德美麗島,
預售屋,鹽埕區,2026-01-11,高雄市鹽埕區公園二路,住宅大樓(11層含以上有電梯),十五層,15,3房1廳2衛,40.5,1344.0,200.0,28.25,是,坡道平面,仰德駁二,親友、員工、共有人或其他特殊關係間之交易；
預售屋,楠梓區,2025-11-15,高雄市楠梓區德民路上近藍昌路,住宅大樓(11層含以上有電梯),五層,15,3房2廳2衛,39.83,1368.0,205.0,29.2,是,坡道平面,吉隆森淼,
預售屋,楠梓區,2026-02-03,高雄市楠梓區德民路上近藍昌路,住宅大樓(11層含以上有電梯),十一層,15,3房2廳2衛,65.44,2350.0,245.0,32.17,是,坡道平面,吉隆森淼,
預售屋,楠梓區,2025-12-01,高雄市楠梓區大學三十二街,住宅大樓(11層含以上有電梯),九層,15,2房2廳2衛,40.09,1495.0,210.0,32.05,是,坡道平面,行見築,
預售屋,楠梓區,2025-12-20,高雄市楠梓區大學三十二街,住宅大樓(11層含以上有電梯),九層,15,2房2廳2衛,40.06,1495.0,200.0,32.33,是,坡道平面,行見築,
預售屋,楠梓區,2025-12-19,高雄市楠梓區大學三十二街,住宅大樓(11層含以上有電梯),十層,15,2房2廳2衛,46.65,1739.0,220.0,32.56,是,坡道平面,行見築,
預售屋,鳳山區,2025-12-23,高雄市鳳山區頂庄路 復華一街路口,住宅大樓(11層含以上有電梯),七層,15,2房2廳2衛,29.09,957.0,0.0,32.9,否,,利融永御,
預售屋,鳳山區,2025-12-18,高雄市鳳山區頂庄路 復華一街路口,住宅大樓(11層含以上有電梯),五層,15,1房1廳1衛,21.51,710.0,0.0,33.01,否,,利融永御,
預售屋,鳳山區,2026-01-27,高雄市鳳山區頂庄路 復華一街路口,住宅大樓(11層含以上有電梯),六層,15,3房2廳2衛,48.75,1348.0,170.0,24.16,是,坡道平面,利融永御,
預售屋,鼓山區,2026-01-12,高雄市鼓山區美明路,住宅大樓(11層含以上有電梯),八層,30,1房2廳2衛,42.71,2286.0,180.0,49.31,是,坡道平面,里山美術,
預售屋,苓雅區,2025-11-23,高雄市苓雅區衛武段658、661地號建國一路、正義路口,住宅大樓(11層含以上有電梯),二十二層,29,3房2廳2衛,47.67,1813.0,240.0,33.0,是,坡道平面,京城舞極,
預售屋,苓雅區,2025-11-29,高雄市苓雅區衛武段658、661地號建國一路、正義路口,住宅大樓(11層含以上有電梯),四層,29,3房2廳2衛,53.98,2043.0,250.0,33.22,是,坡道平面,京城舞極,
預售屋,苓雅區,2025-12-01,高雄市苓雅區衛武段658、661地號建國一路、正義路口,住宅大樓(11層含以上有電梯),二十六層,29,3房2廳2衛,53.68,2100.0,250.0,34.46,是,坡道平面,京城舞極,
預售屋,苓雅區,2025-12-29,高雄市苓雅區建國一路、正義路口,住宅大樓(11層含以上有電梯),十三層,29,3房1廳2衛,48.08,1090.0,190.0,18.72,是,坡道平面,京城舞極,
預售屋,苓雅區,2026-01-20,高雄市苓雅區建國一路、正義路口,住宅大樓(11層含以上有電梯),十二層,29,3房1廳2衛,47.4,1020.0,190.0,17.51,是,坡道平面,京城舞極,
預售屋,苓雅區,2026-02-04,高雄市苓雅區建國一路、正義路口,住宅大樓(11層含以上有電梯),十三層,29,3房1廳2衛,55.97,1156.0,360.0,14.22,是,坡道平面,京城舞極,
預售屋,苓雅區,2026-02-08,高雄市苓雅區衛武段658、661地號建國一路、正義路口,住宅大樓(11層含以上有電梯),十一層,29,3房2廳2衛,62.85,2220.0,460.0,28.0,是,坡道平面,京城舞極,
預售屋,仁武區,2025-11-17,高雄市仁武區赤仁路,住宅大樓(11層含以上有電梯),十三層,14,3房2廳2衛,46.45,1258.0,155.0,23.75,是,坡道平面,佳鋐雄匯,
預售屋,仁武區,2025-11-17,高雄市仁武區赤仁路,住宅大樓(11層含以上有電梯),九層,14,2房2廳2衛,37.45,1012.0,165.0,22.62,是,坡道平面,佳鋐雄匯,
預售屋,仁武區,2025-11-17,高雄市仁武區赤仁路,住宅大樓(11層含以上有電梯),九層,14,3房2廳2衛,46.45,1268.0,165.0,23.75,是,坡道平面,佳鋐雄匯,
預售屋,仁武區,2025-11-17,高雄市仁武區赤仁路,住宅大樓(11層含以上有電梯),九層,13,3房2廳2衛,46.33,1245.0,155.0,23.53,是,坡道平面,佳鋐雄匯,
預售屋,仁武區,2025-11-17,高雄市仁武區赤仁路,住宅大樓(11層含以上有電梯),九層,13,2房2廳2衛,37.45,1000.0,155.0,22.56,是,坡道平面,佳鋐雄匯,
預售屋,仁武區,2025-11-17,高雄市仁武區赤仁路,住宅大樓(11層含以上有電梯),五層,13,3房2廳2衛,46.66,1188.0,145.0,22.35,是,坡道平面,佳鋐雄匯,
預售屋,仁武區,2025-11-24,高雄市仁武區赤仁路,住宅大樓(11層含以上有電梯),八層,13,3房2廳2衛,46.33,1227.0,145.0,23.35,是,坡道平面,佳鋐雄匯,
預售屋,仁武區,2025-11-24,高雄市仁武區赤仁路,住宅大樓(11層含以上有電梯),六層,13,3房2廳2衛,56.64,1383.0,320.0,18.77,是,坡道平面,佳鋐雄匯,
預售屋,仁武區,2025-11-24,高雄市仁武區赤仁路,住宅大樓(11層含以上有電梯),七層,13,3房2廳2衛,46.28,1238.0,165.0,23.18,是,坡道平面,佳鋐雄匯,
預售屋,仁武區,2025-11-24,高雄市仁武區赤仁路,住宅大樓(11層含以上有電梯),十一層,13,3房2廳2衛,46.28,1247.0,165.0,23.38,是,坡道平面,佳鋐雄匯,
預售屋,仁武區,2025-11-24,高雄市仁武區赤仁路,住宅大樓(11層含以上有電梯),五層,13,2房2廳2衛,35.9,899.0,135.0,21.28,是,坡道平面,佳鋐雄匯,
預售屋,仁武區,2025-11-24,高雄市仁武區赤仁路,住宅大樓(11層含以上有電梯),八層,13,2房2廳2衛,35.9,937.0,155.0,21.78,是,坡道平面,佳鋐雄匯,
預售屋,仁武區,2025-12-01,高雄市仁武區赤仁路,住宅大樓(11層含以上有電梯),七層,13,3房2廳2衛,46.33,1218.0,145.0,23.16,是,坡道平面,佳鋐雄匯,
預售屋,仁武區,2025-12-01,高雄市仁武區赤仁路,住宅大樓(11層含以上有電梯),四層,13,3房2廳2衛,45.94,1175.0,135.0,22.64,是,坡道平面,佳鋐雄匯,
預售屋,仁武區,2025-12-01,高雄市仁武區赤仁路,住宅大樓(11層含以上有電梯),十層,13,3房2廳2衛,46.28,1251.0,165.0,23.47,是,坡道平面,佳鋐雄匯,
預售屋,仁武區,2025-12-01,高雄市仁武區赤仁路,住宅大樓(11層含以上有電梯),九層,13,2房2廳2衛,36.24,950.0,165.0,21.66,是,坡道平面,佳鋐雄匯,
預售屋,仁武區,2025-12-08,高雄市仁武區赤仁路,住宅大樓(11層含以上有電梯),三層,14,3房2廳2衛,57.15,1420.0,330.0,19.07,是,坡道平面,佳鋐雄匯,
預售屋,仁武區,2025-12-08,高雄市仁武區赤仁路,住宅大樓(11層含以上有電梯),十一層,14,2房2廳1衛,35.56,946.0,165.0,21.96,是,坡道平面,佳鋐雄匯,
預售屋,仁武區,2025-12-08,高雄市仁武區赤仁路,住宅大樓(11層含以上有電梯),七層,13,2房2廳2衛,37.45,980.0,145.0,22.3,是,坡道平面,佳鋐雄匯,
預售屋,仁武區,2025-12-07,高雄市仁武區赤仁路,住宅大樓(11層含以上有電梯),十層,13,3房2廳2衛,46.66,1289.0,155.0,24.3,是,坡道平面,佳鋐雄匯,
預售屋,仁武區,2025-12-22,高雄市仁武區赤仁路,住宅大樓(11層含以上有電梯),三層,14,3房2廳2衛,46.45,1250.0,145.0,23.79,是,坡道平面,佳鋐雄匯,
預售屋,仁武區,2025-12-15,高雄市仁武區赤仁路,住宅大樓(11層含以上有電梯),四層,14,3房2廳2衛,46.45,1235.0,145.0,23.47,是,坡道平面,佳鋐雄匯,
預售屋,仁武區,2025-12-15,高雄市仁武區赤仁路,住宅大樓(11層含以上有電梯),三層,13,2房2廳2衛,37.11,968.0,155.0,21.91,是,坡道平面,佳鋐雄匯,
預售屋,仁武區,2025-12-15,高雄市仁武區赤仁路,住宅大樓(11層含以上有電梯),六層,13,2房2廳2衛,37.45,973.0,145.0,22.11,是,坡道平面,佳鋐雄匯,
預售屋,仁武區,2025-12-15,高雄市仁武區赤仁路,住宅大樓(11層含以上有電梯),十一層,13,3房2廳2衛,46.66,1258.0,165.0,23.42,是,坡道平面,佳鋐雄匯,
預售屋,仁武區,2025-12-22,高雄市仁武區赤仁路,住宅大樓(11層含以上有電梯),四層,14,3房2廳2衛,46.45,1250.0,145.0,23.79,是,坡道平面,佳鋐雄匯,
預售屋,仁武區,2025-12-22,高雄市仁武區赤仁路,住宅大樓(11層含以上有電梯),七層,14,2房2廳1衛,35.56,938.0,145.0,22.3,是,坡道平面,佳鋐雄匯,
預售屋,仁武區,2025-12-29,高雄市仁武區赤仁路,住宅大樓(11層含以上有電梯),十四層,14,3房2廳2衛,57.15,1434.0,290.0,20.02,是,坡道平面,佳鋐雄匯,
預售屋,仁武區,2025-12-29,高雄市仁武區赤仁路,住宅大樓(11層含以上有電梯),八層,13,2房2廳2衛,37.11,1000.0,145.0,23.04,是,坡道平面,佳鋐雄匯,
預售屋,仁武區,2025-12-29,高雄市仁武區赤仁路,住宅大樓(11層含以上有電梯),六層,13,3房2廳2衛,46.66,1240.0,155.0,23.25,是,坡道平面,佳鋐雄匯,
預售屋,仁武區,2026-01-05,高雄市仁武區赤仁路,住宅大樓(11層含以上有電梯),十四層,14,2房2廳2衛,37.45,1030.0,165.0,23.1,是,坡道平面,佳鋐雄匯,
預售屋,仁武區,2026-01-05,高雄市仁武區赤仁路,住宅大樓(11層含以上有電梯),四層,14,2房2廳1衛,35.23,906.0,135.0,21.88,是,坡道平面,佳鋐雄匯,
預售屋,仁武區,2026-01-05,高雄市仁武區赤仁路,住宅大樓(11層含以上有電梯),十四層,14,2房2廳1衛,35.56,963.0,165.0,22.44,是,坡道平面,佳鋐雄匯,
預售屋,仁武區,2026-01-05,高雄市仁武區赤仁路,住宅大樓(11層含以上有電梯),十層,13,2房2廳2衛,25.54,787.0,0.0,30.81,否,,佳鋐雄匯,親友、員工、共有人或其他特殊關係間之交易；
預售屋,仁武區,2026-01-12,高雄市仁武區赤仁路,住宅大樓(11層含以上有電梯),十四層,14,3房2廳2衛,46.45,1305.0,155.0,24.76,是,坡道平面,佳鋐雄匯,
預售屋,仁武區,2026-01-12,高雄市仁武區赤仁路,住宅大樓(11層含以上有電梯),三層,14,2房2廳1衛,35.56,919.0,145.0,21.77,是,坡道平面,佳鋐雄匯,
預售屋,仁武區,2026-01-12,高雄市仁武區赤仁路,住宅大樓(11層含以上有電梯),十三層,13,3房2廳2衛,46.28,1250.0,145.0,23.88,是,坡道平面,佳鋐雄匯,
預售屋,仁武區,2026-01-19,高雄市仁武區赤仁路,住宅大樓(11層含以上有電梯),十二層,13,2房2廳2衛,37.45,1015.0,145.0,23.23,是,坡道平面,佳鋐雄匯,
預售屋,仁武區,2026-01-19,高雄市仁武區赤仁路,住宅大樓(11層含以上有電梯),四層,13,3房2廳2衛,46.66,1240.0,145.0,23.47,是,坡道平面,佳鋐雄匯,
預售屋,仁武區,2026-01-26,高雄市仁武區赤仁路,住宅大樓(11層含以上有電梯),六層,14,2房2廳1衛,35.56,956.0,155.0,22.53,是,坡道平面,佳鋐雄匯,
預售屋,仁武區,2026-01-26,高雄市仁武區赤仁路,住宅大樓(11層含以上有電梯),二層,13,3房2廳2衛,46.33,1255.0,145.0,23.96,是,坡道平面,佳鋐雄匯,
預售屋,仁武區,2026-02-02,高雄市仁武區赤仁路,住宅大樓(11層含以上有電梯),五層,14,3房2廳2衛,46.45,1310.0,155.0,24.87,是,坡道平面,佳鋐雄匯,
預售屋,仁武區,2026-02-02,高雄市仁武區赤仁路,住宅大樓(11層含以上有電梯),七層,14,3房2廳2衛,46.02,1265.0,135.0,24.55,是,坡道平面,佳鋐雄匯,
預售屋,仁武區,2026-02-09,高雄市仁武區赤仁路,住宅大樓(11層含以上有電梯),十三層,14,2房2廳2衛,37.45,1050.0,145.0,24.17,是,坡道平面,佳鋐雄匯,
預售屋,仁武區,2026-02-09,高雄市仁武區赤仁路,住宅大樓(11層含以上有電梯),五層,14,3房2廳2衛,46.36,1230.0,145.0,23.4,是,坡道平面,佳鋐雄匯,
預售屋,仁武區,2026-02-09,高雄市仁武區赤仁路,住宅大樓(11層含以上有電梯),二層,13,2房2廳2衛,35.9,950.0,135.0,22.7,是,坡道平面,佳鋐雄匯,
預售屋,小港區,2025-11-14,高雄市小港區宏平路439號旁,住宅大樓(11層含以上有電梯),五層,18,3房2廳2衛,54.79,1470.0,160.0,23.91,是,坡道平面,和築親親,
預售屋,三民區,2025-11-14,高雄市三民區鼎山街,住宅大樓(11層含以上有電梯),三層,15,2房2廳1衛,24.72,915.0,0.0,37.01,否,,和築豐彩,
預售屋,三民區,2025-11-14,高雄市三民區鼎山街,住宅大樓(11層含以上有電梯),一層,15,3房2廳2衛,37.29,1780.0,0.0,47.73,否,,和築豐彩,
預售屋,三民區,2025-11-21,高雄市三民區鼎山街,住宅大樓(11層含以上有電梯),三層,15,2房2廳1衛,24.64,913.0,0.0,37.05,否,,和築豐彩,
預售屋,三民區,2025-11-21,高雄市三民區鼎山街,住宅大樓(11層含以上有電梯),十二層,15,2房2廳1衛,24.07,910.0,0.0,37.81,否,,和築豐彩,
預售屋,三民區,2025-11-21,高雄市三民區鼎山街,住宅大樓(11層含以上有電梯),九層,15,3房2廳2衛,46.95,1768.0,210.0,33.18,是,坡道平面,和築豐彩,
預售屋,三民區,2025-12-04,高雄市三民區鼎山街,住宅大樓(11層含以上有電梯),六層,15,2房2廳1衛,24.72,921.0,0.0,37.26,否,,和築豐彩,
預售屋,三民區,2025-11-28,高雄市三民區鼎山街,住宅大樓(11層含以上有電梯),六層,15,2房2廳1衛,24.07,900.0,0.0,37.39,否,,和築豐彩,
預售屋,三民區,2025-12-12,高雄市三民區鼎山街,住宅大樓(11層含以上有電梯),十五層,15,2房2廳1衛,24.72,923.0,0.0,37.34,否,,和築豐彩,
預售屋,三民區,2025-12-12,高雄市三民區鼎山街,住宅大樓(11層含以上有電梯),六層,15,3房2廳2衛,47.63,1727.0,180.0,32.48,是,坡道平面,和築豐彩,
預售屋,三民區,2025-12-19,高雄市三民區鼎山街,住宅大樓(11層含以上有電梯),四層,15,2房2廳1衛,24.72,913.0,0.0,36.93,否,,和築豐彩,
預售屋,三民區,2025-12-26,高雄市三民區鼎山街,住宅大樓(11層含以上有電梯),八層,15,2房2廳1衛,24.07,902.0,0.0,37.47,否,,和築豐彩,
預售屋,三民區,2026-01-02,高雄市三民區鼎山街,住宅大樓(11層含以上有電梯),五層,15,3房2廳2衛,46.56,1722.0,195.0,32.8,是,坡道平面,和築豐彩,
預售屋,三民區,2026-01-09,高雄市三民區鼎山街,住宅大樓(11層含以上有電梯),十二層,15,2房2廳1衛,24.72,931.0,0.0,37.66,否,,和築豐彩,
預售屋,三民區,2026-01-16,高雄市三民區鼎山街,住宅大樓(11層含以上有電梯),七層,15,2房2廳1衛,24.07,900.0,0.0,37.39,否,,和築豐彩,
預售屋,三民區,2026-01-16,高雄市三民區鼎山街,住宅大樓(11層含以上有電梯),七層,15,2房2廳1衛,24.64,918.0,0.0,37.26,否,,和築豐彩,
預售屋,三民區,2026-01-30,高雄市三民區鼎山街,住宅大樓(11層含以上有電梯),十層,15,2房2廳2衛,25.24,968.0,0.0,38.35,否,,和築豐彩,
預售屋,三民區,2026-01-30,高雄市三民區鼎山街,住宅大樓(11層含以上有電梯),十四層,15,2房2廳1衛,24.07,913.0,0.0,37.93,否,,和築豐彩,
預售屋,三民區,2026-01-30,高雄市三民區鼎山街,住宅大樓(11層含以上有電梯),五層,15,2房2廳1衛,24.64,916.0,0.0,37.18,否,,和築豐彩,
預售屋,三民區,2026-02-06,高雄市三民區鼎山街,住宅大樓(11層含以上有電梯),四層,15,2房2廳1衛,24.07,888.0,0.0,36.89,否,,和築豐彩,
預售屋,三民區,2026-02-06,高雄市三民區鼎山街,住宅大樓(11層含以上有電梯),十三層,15,2房2廳2衛,25.24,972.0,0.0,38.51,否,,和築豐彩,
預售屋,楠梓區,2026-01-31,高雄市楠梓區右昌段五小段0816-0001地號,華廈(10層含以下有電梯),五層,5,2房2廳1衛,17.05,645.0,0.0,37.83,否,,尚美,
預售屋,鳳山區,2025-11-22,高雄市鳳山區林森路,華廈(10層含以下有電梯),七層,10,2房1廳2衛,22.02,810.0,0.0,36.78,否,,尚雍文心2,
預售屋,鼓山區,2025-12-19,高雄市鼓山區內惟段一小段1201地號,住宅大樓(11層含以上有電梯),七層,13,2房2廳2衛,38.57,1400.0,190.0,31.37,是,坡道平面,尚觀山房,
預售屋,苓雅區,2025-12-25,高雄市苓雅區建國一路,住宅大樓(11層含以上有電梯),十七層,27,3房2廳3衛,76.57,3450.0,225.0,42.12,是,坡道平面,知道明,
預售屋,鳳山區,2025-12-18,高雄市鳳山區中安路,住宅大樓(11層含以上有電梯),十層,15,2房2廳2衛,34.35,1126.0,200.0,26.96,是,坡道平面,花町院,
預售屋,鳳山區,2026-01-18,高雄市鳳山區中安路,住宅大樓(11層含以上有電梯),六層,15,3房2廳2衛,43.01,1410.0,210.0,27.9,是,坡道平面,花町院,
預售屋,鳳山區,2026-01-24,高雄市鳳山區中安路,住宅大樓(11層含以上有電梯),四層,15,2房2廳2衛,28.28,895.0,0.0,31.65,否,,花町院,
預售屋,鳳山區,2026-02-01,高雄市鳳山區中安路,住宅大樓(11層含以上有電梯),九層,15,2房2廳2衛,34.29,1135.0,200.0,27.27,是,坡道平面,花町院,
預售屋,三民區,2025-12-06,高雄市三民區灣華段301地號,住宅大樓(11層含以上有電梯),十四層,15,4房2廳2衛,68.74,2770.0,470.0,33.46,是,坡道平面,城揚TwinS,
預售屋,前金區,2025-11-28,高雄市前金區五福三路,住宅大樓(11層含以上有電梯),十四層,29,1房2廳1衛,24.44,1275.0,0.0,52.17,否,,星峰匯,雨遮面積得依法登記，不予計價
預售屋,前金區,2025-12-13,高雄市前金區五福三路,住宅大樓(11層含以上有電梯),二十八層,29,2房2廳2衛,39.08,1980.0,130.0,47.34,是,坡道機械,星峰匯,交易總價含下列非屬預售屋價格之費用:裝潢費；
預售屋,前金區,2026-01-10,高雄市前金區五福三路,住宅大樓(11層含以上有電梯),二十七層,29,3房2廳2衛,56.53,2695.0,250.0,43.25,是,坡道平面,星峰匯,雨遮面積得依法登記，不予計價
預售屋,前金區,2026-01-17,高雄市前金區五福三路,住宅大樓(11層含以上有電梯),二十七層,29,2房2廳2衛,49.65,2399.0,240.0,43.48,是,坡道平面,星峰匯,雨遮面積得依法登記，不予計價
預售屋,前金區,2026-01-08,高雄市前金區五福三路,住宅大樓(11層含以上有電梯),二十六層,29,2房2廳2衛,49.65,2339.0,215.0,42.78,是,坡道平面,星峰匯,雨遮面積得依法登記，不予計價親友、員工、共有人或其他特殊關係間之交易；
預售屋,前金區,2026-01-31,高雄市前金區五福三路,住宅大樓(11層含以上有電梯),二十五層,29,3房2廳2衛,54.25,2586.0,250.0,43.06,是,坡道平面,星峰匯,雨遮面積得依法登記，不予計價
預售屋,前金區,2026-02-09,高雄市前金區五福三路,住宅大樓(11層含以上有電梯),十六層,29,2房2廳2衛,51.41,2300.0,220.0,40.46,是,坡道平面,星峰匯,雨遮面積得依法登記，不予計價
預售屋,小港區,2025-11-15,高雄市小港區店鎮段138地號,住宅大樓(11層含以上有電梯),四層,15,2房2廳2衛,23.01,625.0,0.0,27.16,否,,春虹星綻,
預售屋,小港區,2025-11-30,高雄市小港區店鎮段138地號,住宅大樓(11層含以上有電梯),三層,15,3房2廳2衛,44.62,1061.0,150.0,20.42,是,坡道平面,春虹星綻,
預售屋,小港區,2025-11-15,高雄市小港區店鎮段138地號,住宅大樓(11層含以上有電梯),十層,15,3房2廳2衛,44.62,1151.0,180.0,21.76,是,坡道平面,春虹星綻,
預售屋,小港區,2025-12-07,高雄市小港區店鎮段138地號,住宅大樓(11層含以上有電梯),十層,15,2房2廳2衛,36.27,856.0,145.0,19.6,是,坡道平面,春虹星綻,
預售屋,小港區,2025-12-26,高雄市小港區店鎮段138地號,住宅大樓(11層含以上有電梯),三層,15,2房2廳2衛,21.9,611.0,0.0,27.9,否,,春虹星綻,
預售屋,小港區,2025-12-29,高雄市小港區店鎮段138地號,住宅大樓(11層含以上有電梯),九層,15,3房2廳2衛,28.3,831.0,0.0,29.36,否,,春虹星綻,
預售屋,小港區,2026-01-04,高雄市小港區店鎮段138地號,住宅大樓(11層含以上有電梯),八層,15,2房2廳2衛,23.74,697.0,0.0,29.36,否,,春虹星綻,
預售屋,小港區,2026-01-03,高雄市小港區店鎮段138地號,住宅大樓(11層含以上有電梯),十一層,15,2房2廳2衛,35.88,844.0,150.0,19.34,是,坡道平面,春虹星綻,
預售屋,小港區,2026-01-30,高雄市小港區店鎮段138地號,住宅大樓(11層含以上有電梯),五層,15,2房2廳2衛,23.01,666.0,0.0,28.94,否,,春虹星綻,
預售屋,楠梓區,2026-01-21,高雄市楠梓區後勁北路111巷,住宅大樓(11層含以上有電梯),六層,15,3房2廳2衛,42.69,1580.0,210.0,32.09,是,一樓平面,皇家美墅17期-捷.境,
預售屋,楠梓區,2026-02-06,高雄市楠梓區後勁北路111巷,住宅大樓(11層含以上有電梯),十層,15,3房2廳2衛,41.46,1610.0,210.0,33.77,是,一樓平面,皇家美墅17期-捷.境,
預售屋,鼓山區,2025-11-27,高雄市鼓山區美術東四路,住宅大樓(11層含以上有電梯),二十層,24,2房2廳2衛,32.76,1809.0,235.0,48.05,是,坡道平面,美術1808,
預售屋,鼓山區,2025-12-25,高雄市鼓山區美術東四路,住宅大樓(11層含以上有電梯),十八層,24,4房2廳2衛,59.87,2980.0,250.0,45.6,是,坡道平面,美術1808,
預售屋,鼓山區,2026-01-01,高雄市鼓山區美術東四路,住宅大樓(11層含以上有電梯),二十二層,24,2房1廳1衛,29.49,1627.0,235.0,47.2,是,坡道平面,美術1808,
預售屋,鼓山區,2026-01-19,高雄市鼓山區美術東四路,住宅大樓(11層含以上有電梯),六層,24,3房1廳2衛,35.63,1740.0,250.0,41.82,是,坡道平面,美術1808,
預售屋,鼓山區,2025-11-22,高雄市鼓山區內惟路255巷,華廈(10層含以下有電梯),四層,5,2房1廳2衛,26.38,1260.0,240.0,38.67,是,一樓平面,美術一品,
預售屋,苓雅區,2026-01-03,高雄市苓雅區成功一路,住宅大樓(11層含以上有電梯),七層,23,3房1廳2衛,30.69,1557.0,0.0,50.73,否,,郡都大成,
預售屋,苓雅區,2026-01-02,高雄市苓雅區成功一路,住宅大樓(11層含以上有電梯),四層,23,3房1廳2衛,30.69,1563.0,0.0,50.93,否,,郡都大成,
預售屋,苓雅區,2026-01-01,高雄市苓雅區成功一路,住宅大樓(11層含以上有電梯),十層,23,3房1廳2衛,30.69,1584.0,0.0,51.61,否,,郡都大成,
預售屋,苓雅區,2026-01-03,高雄市苓雅區成功一路,住宅大樓(11層含以上有電梯),五層,23,2房1廳2衛,35.99,1815.0,128.0,46.87,是,坡道機械,郡都大成,
預售屋,苓雅區,2026-01-01,高雄市苓雅區成功一路,住宅大樓(11層含以上有電梯),四層,23,2房1廳2衛,35.99,1784.0,118.0,46.29,是,坡道機械,郡都大成,
預售屋,苓雅區,2026-01-04,高雄市苓雅區成功一路,住宅大樓(11層含以上有電梯),十一層,23,3房1廳2衛,32.15,1742.0,118.0,50.51,是,坡道機械,郡都大成,
預售屋,苓雅區,2026-01-04,高雄市苓雅區成功一路,住宅大樓(11層含以上有電梯),十四層,23,3房1廳2衛,32.15,1764.0,128.0,50.89,是,坡道機械,郡都大成,
預售屋,苓雅區,2026-01-05,高雄市苓雅區成功一路,住宅大樓(11層含以上有電梯),十五層,23,2房1廳2衛,38.48,1991.0,215.0,46.15,是,坡道平面,郡都大成,
預售屋,苓雅區,2026-01-08,高雄市苓雅區成功一路,住宅大樓(11層含以上有電梯),十層,23,2房1廳2衛,38.73,1997.0,225.0,45.75,是,坡道平面,郡都大成,
預售屋,苓雅區,2026-01-09,高雄市苓雅區成功一路,住宅大樓(11層含以上有電梯),十九層,23,2房1廳2衛,38.73,2089.0,235.0,47.87,是,坡道平面,郡都大成,
預售屋,苓雅區,2026-01-13,高雄市苓雅區成功一路,住宅大樓(11層含以上有電梯),十六層,23,3房1廳2衛,32.15,1804.0,150.0,51.45,是,坡道機械,郡都大成,
預售屋,苓雅區,2026-01-15,高雄市苓雅區成功一路,住宅大樓(11層含以上有電梯),五層,23,2房1廳2衛,39.08,1993.0,260.0,44.34,是,坡道平面,郡都大成,
預售屋,苓雅區,2026-01-09,高雄市苓雅區成功一路,住宅大樓(11層含以上有電梯),三層,23,2房1廳2衛,24.07,1150.0,0.0,47.78,否,,郡都大成,
預售屋,苓雅區,2025-12-24,高雄市苓雅區成功一路,住宅大樓(11層含以上有電梯),十一層,23,2房1廳2衛,38.48,2095.0,215.0,48.86,是,坡道平面,郡都大成,
預售屋,苓雅區,2025-12-31,高雄市苓雅區成功一路,住宅大樓(11層含以上有電梯),二十三層,23,3房1廳2衛,34.22,1895.0,235.0,48.51,是,坡道平面,郡都大成,
預售屋,苓雅區,2026-01-10,高雄市苓雅區成功一路,住宅大樓(11層含以上有電梯),九層,23,2房1廳2衛,24.74,1250.0,0.0,50.53,否,,郡都大成,
預售屋,苓雅區,2026-01-18,高雄市苓雅區成功一路,住宅大樓(11層含以上有電梯),六層,23,2房1廳2衛,38.83,1925.0,225.0,43.78,是,坡道平面,郡都大成,
預售屋,苓雅區,2026-01-19,高雄市苓雅區成功一路,住宅大樓(11層含以上有電梯),十六層,23,2房1廳2衛,38.73,2059.0,225.0,47.35,是,坡道平面,郡都大成,
預售屋,苓雅區,2026-01-20,高雄市苓雅區成功一路,住宅大樓(11層含以上有電梯),二十一層,23,3房1廳2衛,34.62,1900.0,210.0,48.82,是,坡道平面,郡都大成,
預售屋,苓雅區,2026-01-23,高雄市苓雅區成功一路,住宅大樓(11層含以上有電梯),十三層,23,3房1廳2衛,30.69,1596.0,0.0,52.0,否,,郡都大成,
預售屋,苓雅區,2026-01-15,高雄市苓雅區成功一路,住宅大樓(11層含以上有電梯),七層,23,2房1廳2衛,38.83,1920.0,245.0,43.14,是,坡道平面,郡都大成,
預售屋,苓雅區,2026-01-19,高雄市苓雅區成功一路,住宅大樓(11層含以上有電梯),二十一層,23,2房1廳2衛,36.77,2045.0,245.0,48.95,是,坡道平面,郡都大成,
預售屋,苓雅區,2026-01-24,高雄市苓雅區成功一路,住宅大樓(11層含以上有電梯),六層,23,3房1廳2衛,30.69,1593.0,0.0,51.91,否,,郡都大成,
預售屋,苓雅區,2026-01-26,高雄市苓雅區成功一路,住宅大樓(11層含以上有電梯),三層,23,2房1廳2衛,39.08,1931.0,225.0,43.65,是,坡道平面,郡都大成,
預售屋,苓雅區,2026-01-27,高雄市苓雅區成功一路,住宅大樓(11層含以上有電梯),十二層,23,3房1廳2衛,30.69,1603.0,0.0,52.23,否,,郡都大成,
預售屋,苓雅區,2026-01-27,高雄市苓雅區成功一路,住宅大樓(11層含以上有電梯),二層,23,2房1廳2衛,24.07,1195.0,0.0,49.65,否,,郡都大成,
預售屋,苓雅區,2026-01-28,高雄市苓雅區成功一路,住宅大樓(11層含以上有電梯),九層,23,3房1廳2衛,30.69,1575.0,0.0,51.32,否,,郡都大成,
預售屋,苓雅區,2026-01-29,高雄市苓雅區成功一路,住宅大樓(11層含以上有電梯),六層,23,2房1廳2衛,39.08,2002.0,255.0,44.7,是,坡道平面,郡都大成,
預售屋,苓雅區,2026-01-25,高雄市苓雅區成功一路,住宅大樓(11層含以上有電梯),二十三層,23,2房1廳2衛,37.07,2055.0,250.0,48.69,是,坡道平面,郡都大成,
預售屋,苓雅區,2026-01-31,高雄市苓雅區成功一路,住宅大樓(11層含以上有電梯),十四層,23,2房1廳2衛,38.48,1972.0,235.0,45.14,是,坡道平面,郡都大成,
預售屋,苓雅區,2026-01-30,高雄市苓雅區成功一路,住宅大樓(11層含以上有電梯),三層,23,3房1廳2衛,30.69,1526.0,0.0,49.72,否,,郡都大成,
預售屋,苓雅區,2026-01-30,高雄市苓雅區成功一路,住宅大樓(11層含以上有電梯),五層,23,3房1廳2衛,30.69,1550.0,0.0,50.51,否,,郡都大成,
預售屋,苓雅區,2026-02-03,高雄市苓雅區成功一路,住宅大樓(11層含以上有電梯),四層,23,2房1廳2衛,24.07,1214.0,0.0,50.44,否,,郡都大成,
預售屋,苓雅區,2026-02-03,高雄市苓雅區成功一路,住宅大樓(11層含以上有電梯),四層,23,2房1廳2衛,33.14,1615.0,0.0,48.73,否,,郡都大成,
預售屋,苓雅區,2026-02-06,高雄市苓雅區成功一路,住宅大樓(11層含以上有電梯),八層,23,2房1廳2衛,24.07,1241.0,0.0,51.56,否,,郡都大成,
預售屋,苓雅區,2026-02-09,高雄市苓雅區成功一路,住宅大樓(11層含以上有電梯),十一層,23,2房1廳2衛,24.74,1309.0,0.0,52.91,否,,郡都大成,
預售屋,鼓山區,2025-12-21,高雄市鼓山區明倫路vs昌盛路,住宅大樓(11層含以上有電梯),十三層,20,2房1廳1衛,18.21,1312.0,0.0,72.05,否,,郡都巨蛋,
預售屋,鼓山區,2026-01-14,高雄市鼓山區明倫路vs昌盛路,住宅大樓(11層含以上有電梯),六層,20,2房1廳2衛,27.08,1795.0,0.0,66.29,否,,郡都巨蛋,
預售屋,鼓山區,2026-01-14,高雄市鼓山區明倫路vs昌盛路,住宅大樓(11層含以上有電梯),五層,20,2房1廳2衛,27.08,1791.0,0.0,66.14,否,,郡都巨蛋,
預售屋,楠梓區,2026-01-01,高雄市楠梓區大學南路,住宅大樓(11層含以上有電梯),五層,20,2房1廳1衛,25.39,1080.0,220.0,33.87,是,坡道平面,高大之森2-高大之上,
預售屋,楠梓區,2026-01-01,高雄市楠梓區大學南路,住宅大樓(11層含以上有電梯),六層,20,2房1廳1衛,25.79,1084.0,220.0,33.5,是,坡道平面,高大之森2-高大之上,
預售屋,楠梓區,2026-01-01,高雄市楠梓區大學南路,住宅大樓(11層含以上有電梯),十八層,20,2房1廳1衛,25.79,1155.0,240.0,35.48,是,坡道平面,高大之森2-高大之上,
預售屋,楠梓區,2026-01-01,高雄市楠梓區大學南路,住宅大樓(11層含以上有電梯),十二層,20,3房2廳2衛,37.64,1687.0,245.0,38.31,是,坡道平面,高大之森2-高大之上,
預售屋,楠梓區,2026-01-01,高雄市楠梓區大學南路,住宅大樓(11層含以上有電梯),十一層,20,2房1廳1衛,27.63,1220.0,220.0,36.19,是,坡道平面,高大之森2-高大之上,
預售屋,楠梓區,2026-01-01,高雄市楠梓區大學南路,住宅大樓(11層含以上有電梯),七層,20,2房1廳1衛,25.26,1103.0,210.0,35.35,是,坡道平面,高大之森2-高大之上,
預售屋,楠梓區,2026-01-01,高雄市楠梓區大學南路,住宅大樓(11層含以上有電梯),十五層,20,2房2廳2衛,31.87,1383.0,220.0,36.49,是,坡道平面,高大之森2-高大之上,
預售屋,楠梓區,2026-01-01,高雄市楠梓區大學南路,住宅大樓(11層含以上有電梯),十一層,20,2房2廳2衛,31.87,1361.0,220.0,35.8,是,坡道平面,高大之森2-高大之上,
預售屋,楠梓區,2026-01-01,高雄市楠梓區大學南路,住宅大樓(11層含以上有電梯),七層,20,2房2廳2衛,31.47,1329.0,210.0,35.56,是,坡道平面,高大之森2-高大之上,
預售屋,楠梓區,2026-01-01,高雄市楠梓區大學南路,住宅大樓(11層含以上有電梯),十八層,20,1房1廳1衛,22.63,1014.0,235.0,34.42,是,坡道平面,高大之森2-高大之上,
預售屋,楠梓區,2026-01-01,高雄市楠梓區大學南路,住宅大樓(11層含以上有電梯),十六層,20,1房1廳1衛,22.22,982.0,210.0,34.74,是,坡道平面,高大之森2-高大之上,
預售屋,楠梓區,2026-01-01,高雄市楠梓區大學南路,住宅大樓(11層含以上有電梯),十二層,20,2房2廳1衛,26.63,1219.0,225.0,37.33,是,坡道平面,高大之森2-高大之上,
預售屋,楠梓區,2026-01-01,高雄市楠梓區大學南路,住宅大樓(11層含以上有電梯),七層,20,2房2廳1衛,26.4,1168.0,220.0,35.91,是,坡道平面,高大之森2-高大之上,
預售屋,楠梓區,2026-01-01,高雄市楠梓區大學南路,住宅大樓(11層含以上有電梯),八層,20,2房1廳1衛,25.79,1118.0,245.0,33.85,是,坡道平面,高大之森2-高大之上,
預售屋,楠梓區,2026-01-07,高雄市楠梓區大學南路,住宅大樓(11層含以上有電梯),九層,20,2房2廳1衛,26.63,1187.0,220.0,36.31,是,坡道平面,高大之森2-高大之上,
預售屋,楠梓區,2026-01-24,高雄市楠梓區大學南路,住宅大樓(11層含以上有電梯),五層,20,2房1廳1衛,26.57,1150.0,265.0,33.31,是,坡道平面,高大之森2-高大之上,
預售屋,楠梓區,2026-01-03,高雄市楠梓區大學南路,住宅大樓(11層含以上有電梯),六層,20,2房1廳1衛,30.65,1293.0,220.0,35.01,是,坡道平面,高大之森2-高大之上,
預售屋,楠梓區,2026-01-10,高雄市楠梓區大學南路,住宅大樓(11層含以上有電梯),三層,20,2房1廳1衛,27.22,1160.0,220.0,34.53,是,坡道平面,高大之森2-高大之上,
預售屋,楠梓區,2026-01-02,高雄市楠梓區大學南路,住宅大樓(11層含以上有電梯),七層,20,2房2廳1衛,27.14,1212.0,240.0,35.81,是,坡道平面,高大之森2-高大之上,
預售屋,楠梓區,2026-01-01,高雄市楠梓區大學南路,住宅大樓(11層含以上有電梯),三層,20,2房1廳1衛,25.79,1077.0,225.0,33.04,是,坡道平面,高大之森2-高大之上,
預售屋,楠梓區,2026-01-01,高雄市楠梓區大學南路,住宅大樓(11層含以上有電梯),七層,20,2房1廳1衛,25.79,1089.0,220.0,33.7,是,坡道平面,高大之森2-高大之上,
預售屋,楠梓區,2026-01-01,高雄市楠梓區大學南路,住宅大樓(11層含以上有電梯),六層,20,2房2廳2衛,32.28,1357.0,225.0,35.07,是,坡道平面,高大之森2-高大之上,
預售屋,楠梓區,2026-01-01,高雄市楠梓區大學南路,住宅大樓(11層含以上有電梯),八層,20,2房2廳2衛,32.28,1373.0,230.0,35.41,是,坡道平面,高大之森2-高大之上,
預售屋,楠梓區,2026-01-01,高雄市楠梓區大學南路,住宅大樓(11層含以上有電梯),四層,20,2房2廳1衛,25.99,1138.0,210.0,35.71,是,坡道平面,高大之森2-高大之上,
預售屋,楠梓區,2026-01-01,高雄市楠梓區大學南路,住宅大樓(11層含以上有電梯),十層,20,2房2廳1衛,25.99,1177.0,210.0,37.21,是,坡道平面,高大之森2-高大之上,
預售屋,楠梓區,2026-01-01,高雄市楠梓區大學南路,住宅大樓(11層含以上有電梯),十層,20,2房2廳2衛,26.95,1190.0,0.0,44.16,否,,高大之森2-高大之上,
預售屋,楠梓區,2026-01-01,高雄市楠梓區大學南路,住宅大樓(11層含以上有電梯),六層,20,2房1廳1衛,27.22,1187.0,210.0,35.89,是,坡道平面,高大之森2-高大之上,
預售屋,楠梓區,2026-01-01,高雄市楠梓區大學南路,住宅大樓(11層含以上有電梯),三層,20,3房2廳2衛,38.21,1587.0,240.0,35.25,是,坡道平面,高大之森2-高大之上,
預售屋,楠梓區,2026-01-01,高雄市楠梓區大學南路,住宅大樓(11層含以上有電梯),十五層,20,3房2廳2衛,37.64,1736.0,230.0,40.01,是,坡道平面,高大之森2-高大之上,
預售屋,楠梓區,2026-01-01,高雄市楠梓區大學南路,住宅大樓(11層含以上有電梯),十二層,20,2房2廳1衛,26.23,1204.0,210.0,37.9,是,坡道平面,高大之森2-高大之上,
預售屋,楠梓區,2026-01-30,高雄市楠梓區大學南路,住宅大樓(11層含以上有電梯),六層,20,1房1廳1衛,22.63,967.0,230.0,32.57,是,坡道平面,高大之森2-高大之上,
預售屋,楠梓區,2026-01-30,高雄市楠梓區大學南路,住宅大樓(11層含以上有電梯),五層,20,2房1廳1衛,27.22,1182.0,210.0,35.71,是,坡道平面,高大之森2-高大之上,
預售屋,楠梓區,2026-01-14,高雄市楠梓區大學六街51巷,華廈(10層含以下有電梯),二層,5,2房1廳1衛,16.9,620.0,0.0,36.69,否,,高大寓邸,
預售屋,仁武區,2026-01-06,高雄市仁武區仁春街103號旁,住宅大樓(11層含以上有電梯),一層,13,0房0廳0衛,32.97,1300.0,0.0,39.43,否,,高京豐薈,親友、員工、共有人或其他特殊關係間之交易；
預售屋,仁武區,2026-01-18,高雄市仁武區仁春街103號旁,住宅大樓(11層含以上有電梯),九層,13,2房2廳2衛,35.0,1190.0,190.0,28.57,是,坡道平面,高京豐薈,
預售屋,仁武區,2026-01-18,高雄市仁武區仁春街103號旁,住宅大樓(11層含以上有電梯),九層,13,2房2廳2衛,35.0,1184.0,195.0,28.26,是,坡道平面,高京豐薈,
預售屋,左營區,2025-11-29,高雄市左營區大中二路,住宅大樓(11層含以上有電梯),五層,15,3房2廳2衛,44.06,1362.0,210.0,26.15,是,坡道平面,高鐵SONG,
預售屋,左營區,2025-12-07,高雄市左營區大中二路,住宅大樓(11層含以上有電梯),五層,15,3房2廳2衛,51.19,1725.0,210.0,29.6,是,坡道平面,高鐵SONG,
預售屋,左營區,2025-12-18,高雄市左營區大中二路,住宅大樓(11層含以上有電梯),十五層,15,3房2廳2衛,44.06,1485.0,230.0,28.48,是,坡道平面,高鐵SONG,
預售屋,左營區,2026-01-04,高雄市左營區大中二路,住宅大樓(11層含以上有電梯),十二層,15,3房2廳2衛,44.06,1442.0,220.0,27.73,是,坡道平面,高鐵SONG,
預售屋,左營區,2026-01-11,高雄市左營區大中二路,住宅大樓(11層含以上有電梯),十三層,15,3房1廳2衛,40.01,1376.0,200.0,29.39,是,坡道平面,高鐵SONG,
預售屋,左營區,2026-01-24,高雄市左營區大中二路,住宅大樓(11層含以上有電梯),十三層,15,3房2廳2衛,44.06,1453.0,220.0,27.98,是,坡道平面,高鐵SONG,
預售屋,左營區,2026-01-28,高雄市左營區大中二路,住宅大樓(11層含以上有電梯),十四層,15,3房2廳2衛,43.52,1458.0,210.0,28.68,是,坡道平面,高鐵SONG,
預售屋,左營區,2026-02-01,高雄市左營區大中二路,住宅大樓(11層含以上有電梯),五層,15,3房2廳2衛,49.22,1640.0,220.0,28.85,是,坡道平面,高鐵SONG,
預售屋,左營區,2026-02-10,高雄市左營區大中二路,住宅大樓(11層含以上有電梯),四層,15,3房2廳2衛,51.19,1735.0,230.0,29.4,是,坡道平面,高鐵SONG,
預售屋,三民區,2025-12-20,高雄市三民區明誠一路鼎山街202巷口,住宅大樓(11層含以上有電梯),十一層,23,3房2廳2衛,55.51,2618.0,250.0,42.66,是,坡道平面,國泰明誠,115/2/6更正
預售屋,三民區,2025-12-20,高雄市三民區明誠一路鼎山街202巷口,住宅大樓(11層含以上有電梯),十二層,23,3房2廳2衛,55.51,2628.0,250.0,42.84,是,坡道平面,國泰明誠,115/2/6更正
預售屋,三民區,2025-12-20,高雄市三民區明誠一路鼎山街202巷口,住宅大樓(11層含以上有電梯),十二層,23,3房2廳2衛,51.75,2427.0,240.0,42.26,是,坡道平面,國泰明誠,115/2/6更正
預售屋,三民區,2025-12-20,高雄市三民區明誠一路鼎山街202巷口,住宅大樓(11層含以上有電梯),十九層,23,3房2廳2衛,52.98,2552.0,250.0,43.45,是,坡道平面,國泰明誠,115//2/6更正
預售屋,三民區,2025-12-21,高雄市三民區明誠一路鼎山街202巷口,住宅大樓(11層含以上有電梯),十二層,23,3房2廳2衛,48.28,2243.0,240.0,41.49,是,坡道平面,國泰明誠,114/2/6更正
預售屋,三民區,2025-12-23,高雄市三民區明誠一路鼎山街202巷口,住宅大樓(11層含以上有電梯),十三層,23,3房2廳2衛,61.86,2749.0,500.0,36.36,是,坡道平面,國泰明誠,115/2/6更正
預售屋,三民區,2025-12-24,高雄市三民區明誠一路鼎山街202巷口,住宅大樓(11層含以上有電梯),二十層,23,3房2廳2衛,51.75,2536.0,250.0,44.17,是,坡道平面,國泰明誠,115/2/6更正
預售屋,三民區,2025-12-24,高雄市三民區明誠一路鼎山街202巷口,住宅大樓(11層含以上有電梯),二十一層,23,3房2廳2衛,60.64,2816.0,520.0,37.86,是,坡道平面,國泰明誠,115/2/6更正
預售屋,三民區,2025-12-25,高雄市三民區明誠一路鼎山街202巷口,住宅大樓(11層含以上有電梯),十五層,23,3房2廳2衛,57.17,2546.0,520.0,35.44,是,坡道平面,國泰明誠,115/2/6更正
預售屋,三民區,2025-12-25,高雄市三民區明誠一路鼎山街202巷口,住宅大樓(11層含以上有電梯),十六層,23,3房2廳2衛,52.98,2525.0,250.0,42.94,是,坡道平面,國泰明誠,115/2/6更正
預售屋,三民區,2025-12-26,高雄市三民區明誠一路鼎山街202巷口,住宅大樓(11層含以上有電梯),十六層,23,3房2廳2衛,55.51,2666.0,250.0,43.52,是,坡道平面,國泰明誠,115/2/6更正
預售屋,三民區,2025-12-26,高雄市三民區明誠一路鼎山街202巷口,住宅大樓(11層含以上有電梯),十層,23,3房2廳2衛,52.98,2472.0,250.0,41.94,是,坡道平面,國泰明誠,115/2/6更正
預售屋,三民區,2025-12-26,高雄市三民區明誠一路鼎山街202巷口,住宅大樓(11層含以上有電梯),八層,23,3房2廳2衛,48.28,2200.0,230.0,40.8,是,坡道平面,國泰明誠,115/2/6更正
預售屋,三民區,2025-12-27,高雄市三民區明誠一路鼎山街202巷口,住宅大樓(11層含以上有電梯),九層,23,3房2廳2衛,52.98,2465.0,250.0,41.81,是,坡道平面,國泰明誠,115/2/6更正
預售屋,三民區,2025-12-27,高雄市三民區明誠一路鼎山街202巷口,住宅大樓(11層含以上有電梯),十二層,23,3房2廳2衛,52.98,2522.0,250.0,42.88,是,坡道平面,國泰明誠,115/2/6更正
預售屋,三民區,2025-12-27,高雄市三民區明誠一路鼎山街202巷口,住宅大樓(11層含以上有電梯),七層,23,3房2廳2衛,52.98,2479.0,250.0,42.07,是,坡道平面,國泰明誠,115/2/6更正
預售屋,三民區,2025-12-27,高雄市三民區明誠一路鼎山街202巷口,住宅大樓(11層含以上有電梯),十七層,23,3房2廳2衛,48.28,2323.0,250.0,42.94,是,坡道平面,國泰明誠,115/2/6更正
預售屋,三民區,2025-12-27,高雄市三民區明誠一路鼎山街202巷口,住宅大樓(11層含以上有電梯),十六層,23,3房2廳2衛,47.68,2303.0,240.0,43.27,是,坡道平面,國泰明誠,115/2/6更正
預售屋,三民區,2025-12-27,高雄市三民區明誠一路鼎山街202巷口,住宅大樓(11層含以上有電梯),十七層,23,3房2廳2衛,55.51,2674.0,250.0,43.67,是,坡道平面,國泰明誠,115/2/6更正
預售屋,三民區,2025-12-28,高雄市三民區明誠一路鼎山街202巷口,住宅大樓(11層含以上有電梯),十九層,23,3房2廳2衛,55.51,2703.0,260.0,44.01,是,坡道平面,國泰明誠,115/2/6更正
預售屋,三民區,2025-12-28,高雄市三民區明誠一路鼎山街202巷口,住宅大樓(11層含以上有電梯),十三層,23,3房2廳2衛,64.39,2920.0,500.0,37.58,是,坡道平面,國泰明誠,115/2/6更正
預售屋,三民區,2025-12-28,高雄市三民區明誠一路鼎山街202巷口,住宅大樓(11層含以上有電梯),五層,23,3房2廳2衛,52.98,2350.0,250.0,39.64,是,坡道平面,國泰明誠,115/2/6更正
預售屋,三民區,2025-12-29,高雄市三民區明誠一路鼎山街202巷口,住宅大樓(11層含以上有電梯),十一層,23,3房2廳2衛,52.98,2513.0,250.0,42.71,是,坡道平面,國泰明誠,115/2/6更正
預售屋,三民區,2025-12-29,高雄市三民區明誠一路鼎山街202巷口,住宅大樓(11層含以上有電梯),十九層,23,3房2廳2衛,48.28,2338.0,250.0,43.25,是,坡道平面,國泰明誠,115/2/6更正
預售屋,三民區,2025-12-30,高雄市三民區明誠一路鼎山街202巷口,住宅大樓(11層含以上有電梯),十五層,23,3房2廳2衛,57.08,2685.0,280.0,42.13,是,坡道平面,國泰明誠,115/2/6更正
預售屋,三民區,2025-12-31,高雄市三民區明誠一路鼎山街202巷口,住宅大樓(11層含以上有電梯),四層,23,3房2廳2衛,47.68,2139.0,240.0,39.83,是,坡道平面,國泰明誠,115/2/6更正
預售屋,三民區,2026-01-01,高雄市三民區明誠一路鼎山街202巷口,住宅大樓(11層含以上有電梯),二十三層,23,3房2廳2衛,64.39,3001.0,520.0,38.53,是,坡道平面,國泰明誠,115/2/6更正
預售屋,三民區,2026-01-02,高雄市三民區明誠一路鼎山街202巷口,住宅大樓(11層含以上有電梯),十七層,23,3房2廳2衛,61.86,2765.0,480.0,36.94,是,坡道平面,國泰明誠,115/2/6更正
預售屋,三民區,2026-01-01,高雄市三民區明誠一路鼎山街202巷口,住宅大樓(11層含以上有電梯),九層,23,3房2廳2衛,48.28,2220.0,240.0,41.01,是,坡道平面,國泰明誠,115/2/6更正
預售屋,三民區,2026-01-03,高雄市三民區明誠一路鼎山街202巷口,住宅大樓(11層含以上有電梯),十四層,23,3房2廳2衛,52.98,2509.0,250.0,42.64,是,坡道平面,國泰明誠,115/2/6更正
預售屋,三民區,2026-01-03,高雄市三民區明誠一路鼎山街202巷口,住宅大樓(11層含以上有電梯),十六層,23,3房2廳2衛,47.33,2218.0,240.0,41.79,是,坡道平面,國泰明誠,115/2/6更正
預售屋,三民區,2026-01-04,高雄市三民區明誠一路鼎山街202巷口,住宅大樓(11層含以上有電梯),六層,23,3房2廳2衛,48.28,2153.0,240.0,39.62,是,坡道平面,國泰明誠,115/2/6更正
預售屋,三民區,2026-01-04,高雄市三民區明誠一路鼎山街202巷口,住宅大樓(11層含以上有電梯),二十一層,23,3房2廳2衛,55.51,2721.0,260.0,44.33,是,坡道平面,國泰明誠,115/2/6更正
預售屋,三民區,2026-01-04,高雄市三民區明誠一路鼎山街202巷口,住宅大樓(11層含以上有電梯),十八層,23,3房2廳2衛,55.51,2683.0,250.0,43.83,是,坡道平面,國泰明誠,115/2/6更正
預售屋,三民區,2026-01-05,高雄市三民區明誠一路鼎山街202巷口,住宅大樓(11層含以上有電梯),二十二層,23,3房2廳2衛,48.28,2362.0,250.0,43.74,是,坡道平面,國泰明誠,115/2/6更正
預售屋,三民區,2026-01-16,高雄市三民區明誠一路鼎山街202巷口,住宅大樓(11層含以上有電梯),六層,23,3房2廳2衛,61.86,2584.0,475.0,34.09,是,坡道平面,國泰明誠,
預售屋,三民區,2026-01-08,高雄市三民區明誠一路鼎山街202巷口,住宅大樓(11層含以上有電梯),二十二層,23,3房2廳2衛,51.75,2553.0,250.0,44.5,是,坡道平面,國泰明誠,
預售屋,三民區,2026-01-08,高雄市三民區明誠一路鼎山街202巷口,住宅大樓(11層含以上有電梯),十三層,23,3房2廳2衛,48.28,2281.0,240.0,42.27,是,坡道平面,國泰明誠,
預售屋,三民區,2026-01-10,高雄市三民區明誠一路鼎山街202巷口,住宅大樓(11層含以上有電梯),五層,23,3房2廳2衛,47.65,2048.0,225.0,38.26,是,坡道平面,國泰明誠,
預售屋,三民區,2026-01-10,高雄市三民區明誠一路鼎山街202巷口,住宅大樓(11層含以上有電梯),二十一層,23,3房2廳2衛,52.98,2570.0,250.0,43.79,是,坡道平面,國泰明誠,
預售屋,三民區,2026-01-10,高雄市三民區明誠一路鼎山街202巷口,住宅大樓(11層含以上有電梯),十一層,23,3房2廳2衛,48.28,2235.0,240.0,41.32,是,坡道平面,國泰明誠,
預售屋,三民區,2026-01-11,高雄市三民區明誠一路鼎山街202巷口,住宅大樓(11層含以上有電梯),二十一層,23,3房2廳2衛,48.28,2353.0,250.0,43.56,是,坡道平面,國泰明誠,
預售屋,三民區,2026-01-11,高雄市三民區明誠一路鼎山街202巷口,住宅大樓(11層含以上有電梯),五層,23,3房2廳2衛,48.28,2117.0,240.0,38.88,是,坡道平面,國泰明誠,
預售屋,三民區,2026-01-11,高雄市三民區明誠一路鼎山街202巷口,住宅大樓(11層含以上有電梯),十二層,23,3房2廳2衛,47.33,2203.0,240.0,41.47,是,坡道平面,國泰明誠,
預售屋,三民區,2026-01-12,高雄市三民區明誠一路鼎山街202巷口,住宅大樓(11層含以上有電梯),十四層,23,3房2廳2衛,55.51,2680.0,250.0,43.78,是,坡道平面,國泰明誠,
預售屋,三民區,2026-01-16,高雄市三民區明誠一路鼎山街202巷口,住宅大樓(11層含以上有電梯),八層,23,3房2廳2衛,52.98,2487.0,250.0,42.22,是,坡道平面,國泰明誠,
預售屋,三民區,2026-01-17,高雄市三民區明誠一路鼎山街202巷口,住宅大樓(11層含以上有電梯),七層,23,3房2廳2衛,48.28,2233.0,240.0,41.28,是,坡道平面,國泰明誠,
預售屋,三民區,2026-01-18,高雄市三民區明誠一路鼎山街202巷口,住宅大樓(11層含以上有電梯),二十層,23,3房2廳2衛,55.51,2713.0,260.0,44.19,是,坡道平面,國泰明誠,
預售屋,三民區,2026-01-19,高雄市三民區明誠一路鼎山街202巷口,住宅大樓(11層含以上有電梯),十九層,23,3房2廳2衛,47.33,2194.0,225.0,41.6,是,坡道平面,國泰明誠,
預售屋,三民區,2026-01-25,高雄市三民區明誠一路鼎山街202巷口,住宅大樓(11層含以上有電梯),二十三層,23,3房2廳2衛,52.98,2598.0,260.0,44.13,是,坡道平面,國泰明誠,
預售屋,三民區,2026-01-25,高雄市三民區明誠一路鼎山街202巷口,住宅大樓(11層含以上有電梯),二十二層,23,3房2廳2衛,52.98,2588.0,260.0,43.94,是,坡道平面,國泰明誠,
預售屋,三民區,2026-01-25,高雄市三民區明誠一路鼎山街202巷口,住宅大樓(11層含以上有電梯),十五層,23,3房2廳2衛,52.98,2517.0,250.0,42.79,是,坡道平面,國泰明誠,
預售屋,三民區,2026-01-25,高雄市三民區明誠一路鼎山街202巷口,住宅大樓(11層含以上有電梯),二十層,23,3房2廳2衛,48.28,2307.0,240.0,42.81,是,坡道平面,國泰明誠,
預售屋,三民區,2026-01-26,高雄市三民區明誠一路鼎山街202巷口,住宅大樓(11層含以上有電梯),二十層,23,3房2廳2衛,52.98,2561.0,250.0,43.62,是,坡道平面,國泰明誠,
預售屋,三民區,2026-02-06,高雄市三民區明誠一路鼎山街202巷口,住宅大樓(11層含以上有電梯),十八層,23,3房2廳2衛,48.28,2331.0,250.0,43.1,是,坡道平面,國泰明誠,
預售屋,苓雅區,2025-12-19,高雄市苓雅區安樂路與安樂路1巷,住宅大樓(11層含以上有電梯),十層,14,3房2廳2衛,34.9,1465.0,210.0,35.96,是,一樓平面,御上立騰,
預售屋,苓雅區,2025-12-19,高雄市苓雅區安樂路與安樂路1巷,住宅大樓(11層含以上有電梯),十一層,14,3房2廳2衛,36.98,1472.0,200.0,34.4,是,一樓平面,御上立騰,
預售屋,苓雅區,2025-12-23,高雄市苓雅區安樂路與安樂路1巷,住宅大樓(11層含以上有電梯),六層,14,2房2廳2衛,21.34,900.0,0.0,42.17,否,,御上立騰,
預售屋,苓雅區,2025-12-31,高雄市苓雅區安樂路與安樂路1巷,住宅大樓(11層含以上有電梯),六層,14,3房2廳2衛,35.43,1438.0,215.0,34.52,是,坡道平面,御上立騰,
預售屋,苓雅區,2025-12-31,高雄市苓雅區安樂路與安樂路1巷,住宅大樓(11層含以上有電梯),五層,14,3房2廳2衛,35.43,1426.0,215.0,34.18,是,坡道平面,御上立騰,
預售屋,苓雅區,2025-12-31,高雄市苓雅區安樂路與安樂路1巷,住宅大樓(11層含以上有電梯),五層,14,1房2廳2衛,28.95,1198.0,148.0,36.27,是,坡道機械,御上立騰,
預售屋,苓雅區,2026-01-07,高雄市苓雅區安樂路與安樂路1巷,住宅大樓(11層含以上有電梯),八層,14,3房2廳2衛,35.43,1475.0,220.0,35.42,是,一樓平面,御上立騰,
預售屋,苓雅區,2026-01-07,高雄市苓雅區安樂路與安樂路1巷,住宅大樓(11層含以上有電梯),十四層,14,3房2廳2衛,36.38,1520.0,220.0,35.73,是,一樓平面,御上立騰,
預售屋,苓雅區,2026-01-09,高雄市苓雅區安樂路與安樂路1巷,住宅大樓(11層含以上有電梯),四層,14,2房2廳2衛,21.32,898.0,0.0,42.12,否,,御上立騰,
預售屋,苓雅區,2026-01-10,高雄市苓雅區安樂路與安樂路1巷,住宅大樓(11層含以上有電梯),九層,14,3房2廳2衛,35.43,1480.0,220.0,35.56,是,一樓平面,御上立騰,
預售屋,苓雅區,2026-01-13,高雄市苓雅區安樂路與安樂路1巷,住宅大樓(11層含以上有電梯),六層,14,2房2廳2衛,25.3,1055.0,148.0,35.85,是,坡道機械,御上立騰,親友、員工、共有人或其他特殊關係間之交易；
預售屋,苓雅區,2026-01-18,高雄市苓雅區安樂路與安樂路1巷,住宅大樓(11層含以上有電梯),八層,14,2房2廳2衛,21.32,910.0,0.0,42.68,否,,御上立騰,
預售屋,苓雅區,2026-01-27,高雄市苓雅區安樂路與安樂路1巷,住宅大樓(11層含以上有電梯),十層,14,2房2廳2衛,21.32,950.0,0.0,44.56,否,,御上立騰,
預售屋,苓雅區,2026-01-21,高雄市苓雅區安樂路與安樂路1巷,住宅大樓(11層含以上有電梯),四層,14,3房2廳2衛,28.82,1218.0,0.0,42.26,否,,御上立騰,
預售屋,苓雅區,2026-01-31,高雄市苓雅區安樂路與安樂路1巷,住宅大樓(11層含以上有電梯),九層,14,1房2廳2衛,31.59,1328.0,220.0,35.07,是,一樓平面,御上立騰,
預售屋,苓雅區,2026-02-03,高雄市苓雅區安樂路與安樂路1巷,住宅大樓(11層含以上有電梯),七層,14,3房2廳2衛,34.9,1468.0,210.0,36.05,是,一樓平面,御上立騰,
預售屋,楠梓區,2025-12-13,高雄市楠梓區大學二十六街、大學十一街,住宅大樓(11層含以上有電梯),七層,14,1房2廳2衛,32.57,1209.0,175.0,31.75,是,坡道平面,敘青田,
預售屋,楠梓區,2026-01-29,高雄市楠梓區大學二十六街、大學十一街,住宅大樓(11層含以上有電梯),七層,14,2房2廳2衛,48.24,1880.0,225.0,34.31,是,坡道平面,敘青田,
預售屋,仁武區,2025-11-25,高雄市仁武區仁雄路475巷,華廈(10層含以下有電梯),七層,7,2房2廳2衛,26.87,920.0,190.0,27.17,是,一樓平面,頂亨紳鄰,
預售屋,仁武區,2025-12-29,高雄市仁武區仁雄路475巷,華廈(10層含以下有電梯),二層,7,3房2廳2衛,36.24,1260.0,190.0,29.53,是,一樓平面,頂亨紳鄰,
預售屋,三民區,2025-12-29,高雄市三民區中華二路157巷,住宅大樓(11層含以上有電梯),七層,15,3房2廳2衛,44.73,2058.0,230.0,40.87,是,坡道平面,善寬UNI,
預售屋,三民區,2026-01-26,高雄市三民區中華二路157巷,住宅大樓(11層含以上有電梯),四層,15,3房2廳2衛,48.24,2050.0,230.0,37.73,是,坡道平面,善寬UNI,
預售屋,仁武區,2026-02-06,高雄市仁武區永新一街,住宅大樓(11層含以上有電梯),四層,13,2房2廳1衛,21.85,840.0,0.0,38.44,否,,琢悅2,
預售屋,仁武區,2026-02-06,高雄市仁武區永新一街,住宅大樓(11層含以上有電梯),二層,13,2房2廳1衛,21.85,830.0,0.0,37.99,否,,琢悅2,
預售屋,三民區,2025-11-24,高雄市三民區大豐二路,住宅大樓(11層含以上有電梯),二十四層,29,2房1廳1衛,26.94,973.0,125.0,31.48,是,坡道機械,登豐29,
預售屋,三民區,2025-12-09,高雄市三民區大豐二路,住宅大樓(11層含以上有電梯),二十七層,29,2房1廳1衛,27.43,1002.0,125.0,31.97,是,坡道機械,登豐29,
預售屋,左營區,2025-11-14,高雄市左營區華夏路1773巷,華廈(10層含以下有電梯),六層,10,2房1廳1衛,21.41,943.0,0.0,44.04,否,,微笑高鐵,
預售屋,苓雅區,2025-12-18,高雄市苓雅區三多二路廣東二街,住宅大樓(11層含以上有電梯),九層,15,1房1廳2衛,27.88,1180.0,0.0,42.32,否,,新文化城安,
預售屋,苓雅區,2026-01-04,高雄市苓雅區三多二路廣東二街,住宅大樓(11層含以上有電梯),十三層,15,3房1廳2衛,51.86,2300.0,220.0,40.11,是,坡道平面,新文化城安,
預售屋,苓雅區,2026-01-17,高雄市苓雅區三多二路廣東二街,住宅大樓(11層含以上有電梯),十層,15,1房1廳2衛,27.88,1200.0,0.0,43.04,否,,新文化城安,
預售屋,橋頭區,2025-11-11,高雄市橋頭區橋新三路,住宅大樓(11層含以上有電梯),十二層,24,2房2廳2衛,32.5,1233.0,140.0,33.63,是,坡道平面,達麗世界學,
預售屋,橋頭區,2025-11-20,高雄市橋頭區橋新三路,住宅大樓(11層含以上有電梯),九層,24,4房2廳2衛,51.66,1935.0,175.0,34.07,是,坡道平面,達麗世界學,
預售屋,橋頭區,2025-11-20,高雄市橋頭區橋新三路,住宅大樓(11層含以上有電梯),二十四層,24,4房2廳2衛,51.66,2083.0,165.0,37.13,是,坡道平面,達麗世界學,
預售屋,橋頭區,2025-12-08,高雄市橋頭區橋新三路,住宅大樓(11層含以上有電梯),六層,24,4房2廳2衛,51.66,1910.0,185.0,33.39,是,坡道平面,達麗世界學,
預售屋,橋頭區,2025-12-03,高雄市橋頭區橋新三路,住宅大樓(11層含以上有電梯),九層,24,2房2廳2衛,32.5,1230.0,165.0,32.77,是,坡道平面,達麗世界學,
預售屋,橋頭區,2025-12-05,高雄市橋頭區橋新三路,住宅大樓(11層含以上有電梯),十層,24,2房2廳2衛,32.5,1233.0,165.0,32.86,是,坡道平面,達麗世界學,
預售屋,橋頭區,2025-12-04,高雄市橋頭區橋新三路,住宅大樓(11層含以上有電梯),二十層,24,3房2廳2衛,41.35,1635.0,165.0,35.55,是,坡道平面,達麗世界學,
預售屋,橋頭區,2025-11-29,高雄市橋頭區橋新三路,住宅大樓(11層含以上有電梯),十層,24,2房2廳2衛,32.5,1233.0,165.0,32.86,是,坡道平面,達麗世界學,
預售屋,橋頭區,2025-12-07,高雄市橋頭區橋新三路,住宅大樓(11層含以上有電梯),十一層,24,2房2廳2衛,32.5,1217.0,145.0,32.98,是,坡道平面,達麗世界學,
預售屋,橋頭區,2025-12-20,高雄市橋頭區橋新三路,住宅大樓(11層含以上有電梯),八層,24,4房2廳2衛,51.66,1932.0,175.0,34.01,是,坡道平面,達麗世界學,
預售屋,橋頭區,2025-12-19,高雄市橋頭區橋新三路,住宅大樓(11層含以上有電梯),六層,24,2房2廳2衛,32.5,1215.0,160.0,32.46,是,坡道平面,達麗世界學,
預售屋,橋頭區,2026-01-11,高雄市橋頭區橋新三路,住宅大樓(11層含以上有電梯),十五層,24,4房2廳2衛,51.66,2005.0,175.0,35.42,是,坡道平面,達麗世界學,
預售屋,橋頭區,2026-01-17,高雄市橋頭區橋新三路,住宅大樓(11層含以上有電梯),二十層,24,3房2廳2衛,43.58,1740.0,160.0,36.26,是,坡道平面,達麗世界學,
預售屋,橋頭區,2025-12-16,高雄市橋頭區橋新環路和橋新八路交叉口,住宅大樓(11層含以上有電梯),三層,15,3房2廳2衛,46.93,1330.0,130.0,25.57,是,坡道平面,達麗未來市,
預售屋,前鎮區,2025-11-11,高雄市前鎮區興旺路,住宅大樓(11層含以上有電梯),十一層,13,3房2廳2衛,49.83,1610.0,200.0,28.3,是,坡道平面,夢享家二期,
預售屋,楠梓區,2025-12-05,高雄市楠梓區大學二十三街及二十六街口,住宅大樓(11層含以上有電梯),二層,20,2房2廳2衛,30.63,1100.0,211.0,29.02,是,坡道平面,遠雄一靚,
預售屋,楠梓區,2025-12-05,高雄市楠梓區大學二十三街及二十六街口,住宅大樓(11層含以上有電梯),六層,20,2房2廳2衛,33.52,1311.0,211.0,32.82,是,坡道平面,遠雄一靚,含冷氣交易總價含下列非屬預售屋價格之費用:傢俱設備費；
預售屋,楠梓區,2025-12-05,高雄市楠梓區大學二十三街及二十六街口,住宅大樓(11層含以上有電梯),三層,20,2房2廳2衛,33.84,1287.0,181.0,32.68,是,坡道平面,遠雄一靚,
預售屋,楠梓區,2025-12-06,高雄市楠梓區大學二十三街及二十六街口,住宅大樓(11層含以上有電梯),六層,20,2房2廳2衛,33.7,1373.0,211.0,34.48,是,坡道平面,遠雄一靚,含冷氣交易總價含下列非屬預售屋價格之費用:傢俱設備費；
預售屋,楠梓區,2025-12-07,高雄市楠梓區大學二十三街及二十六街口,住宅大樓(11層含以上有電梯),五層,20,2房2廳2衛,34.17,1434.0,201.0,36.08,是,坡道平面,遠雄一靚,
預售屋,楠梓區,2025-12-07,高雄市楠梓區大學二十三街及二十六街口,住宅大樓(11層含以上有電梯),二十層,20,3房2廳2衛,49.26,2180.0,452.0,35.08,是,坡道平面,遠雄一靚,
預售屋,楠梓區,2025-12-07,高雄市楠梓區大學二十三街及二十六街口,住宅大樓(11層含以上有電梯),五層,20,3房2廳2衛,43.16,1812.0,231.0,36.63,是,坡道平面,遠雄一靚,含冷氣交易總價含下列非屬預售屋價格之費用:傢俱設備費；
預售屋,楠梓區,2025-12-07,高雄市楠梓區大學二十三街及二十六街口,住宅大樓(11層含以上有電梯),六層,20,3房2廳2衛,43.16,1830.0,231.0,37.05,是,坡道平面,遠雄一靚,含冷氣交易總價含下列非屬預售屋價格之費用:傢俱設備費；
預售屋,楠梓區,2025-12-07,高雄市楠梓區大學二十三街及二十六街口,住宅大樓(11層含以上有電梯),六層,20,2房2廳2衛,34.19,1331.0,231.0,32.17,是,坡道平面,遠雄一靚,
預售屋,楠梓區,2025-12-07,高雄市楠梓區大學二十三街及二十六街口,住宅大樓(11層含以上有電梯),二層,20,3房2廳2衛,39.87,1570.0,211.0,34.09,是,坡道平面,遠雄一靚,
預售屋,楠梓區,2025-12-07,高雄市楠梓區大學二十三街及二十六街口,住宅大樓(11層含以上有電梯),五層,20,2房2廳2衛,31.51,1337.0,221.0,35.42,是,坡道平面,遠雄一靚,含冷氣交易總價含下列非屬預售屋價格之費用:傢俱設備費；
預售屋,楠梓區,2025-12-08,高雄市楠梓區大學二十三街及二十六街口,住宅大樓(11層含以上有電梯),六層,20,2房2廳2衛,30.32,1190.0,201.0,32.62,是,坡道平面,遠雄一靚,含冷氣交易總價含下列非屬預售屋價格之費用:傢俱設備費；
預售屋,楠梓區,2025-12-08,高雄市楠梓區大學二十三街及二十六街口,住宅大樓(11層含以上有電梯),三層,20,2房2廳2衛,33.52,1231.0,191.0,31.03,是,坡道平面,遠雄一靚,
預售屋,楠梓區,2025-12-11,高雄市楠梓區大學二十三街及二十六街口,住宅大樓(11層含以上有電梯),五層,20,2房2廳2衛,33.52,1297.0,221.0,32.1,是,坡道平面,遠雄一靚,含冷氣交易總價含下列非屬預售屋價格之費用:傢俱設備費；
預售屋,楠梓區,2025-12-13,高雄市楠梓區大學二十三街及二十六街口,住宅大樓(11層含以上有電梯),二層,20,2房2廳2衛,33.7,1291.0,201.0,32.34,是,坡道平面,遠雄一靚,
預售屋,楠梓區,2025-12-14,高雄市楠梓區大學二十三街及二十六街口,住宅大樓(11層含以上有電梯),四層,20,2房2廳2衛,33.7,1340.0,221.0,33.2,是,坡道平面,遠雄一靚,含冷氣交易總價含下列非屬預售屋價格之費用:傢俱設備費；
預售屋,楠梓區,2025-12-17,高雄市楠梓區大學二十三街及二十六街口,住宅大樓(11層含以上有電梯),三層,20,2房2廳2衛,33.7,1309.0,201.0,32.88,是,坡道平面,遠雄一靚,
預售屋,楠梓區,2025-12-20,高雄市楠梓區大學二十三街及二十六街口,住宅大樓(11層含以上有電梯),五層,20,2房2廳2衛,30.63,1147.0,181.0,31.54,是,坡道平面,遠雄一靚,
預售屋,楠梓區,2025-12-21,高雄市楠梓區大學二十三街及二十六街口,住宅大樓(11層含以上有電梯),二層,20,2房2廳2衛,33.52,1217.0,201.0,30.31,是,坡道平面,遠雄一靚,
預售屋,楠梓區,2025-12-23,高雄市楠梓區大學二十三街及二十六街口,住宅大樓(11層含以上有電梯),二十層,20,2房2廳2衛,30.32,1342.0,231.0,36.64,是,坡道平面,遠雄一靚,
預售屋,楠梓區,2025-12-25,高雄市楠梓區大學二十三街及二十六街口,住宅大樓(11層含以上有電梯),三層,20,2房2廳2衛,30.32,1143.0,201.0,31.07,是,坡道平面,遠雄一靚,
預售屋,楠梓區,2025-12-25,高雄市楠梓區大學二十三街及二十六街口,住宅大樓(11層含以上有電梯),二層,20,2房2廳2衛,30.32,1127.0,201.0,30.54,是,坡道平面,遠雄一靚,
預售屋,楠梓區,2025-12-26,高雄市楠梓區大學二十三街及二十六街口,住宅大樓(11層含以上有電梯),三層,20,2房2廳2衛,29.42,1090.0,191.0,30.56,是,坡道平面,遠雄一靚,
預售屋,楠梓區,2025-12-29,高雄市楠梓區大學二十三街及二十六街口,住宅大樓(11層含以上有電梯),二層,20,3房2廳2衛,38.96,1463.0,181.0,32.91,是,坡道平面,遠雄一靚,
預售屋,楠梓區,2025-12-30,高雄市楠梓區大學二十三街及二十六街口,住宅大樓(11層含以上有電梯),二層,20,2房2廳2衛,30.66,1130.0,181.0,30.95,是,坡道平面,遠雄一靚,
預售屋,楠梓區,2025-12-31,高雄市楠梓區大學二十三街及二十六街口,住宅大樓(11層含以上有電梯),六層,20,2房2廳2衛,30.63,1172.0,191.0,32.03,是,坡道平面,遠雄一靚,
預售屋,楠梓區,2026-01-03,高雄市楠梓區大學二十三街及二十六街口,住宅大樓(11層含以上有電梯),十層,20,3房2廳2衛,43.16,1915.0,221.0,39.25,是,坡道平面,遠雄一靚,含冷氣交易總價含下列非屬預售屋價格之費用:傢俱設備費；
預售屋,楠梓區,2026-01-03,高雄市楠梓區大學二十三街及二十六街口,住宅大樓(11層含以上有電梯),六層,20,3房2廳2衛,50.84,1942.0,432.0,29.7,是,坡道平面,遠雄一靚,此客戶於115.1.10加購1車位
預售屋,楠梓區,2026-01-08,高雄市楠梓區大學二十三街及二十六街口,住宅大樓(11層含以上有電梯),二層,20,2房2廳2衛,30.77,1098.0,181.0,29.8,是,坡道平面,遠雄一靚,
預售屋,楠梓區,2026-01-11,高雄市楠梓區大學二十三街及二十六街口,住宅大樓(11層含以上有電梯),五層,20,2房2廳2衛,33.7,1323.0,191.0,33.59,是,坡道平面,遠雄一靚,
預售屋,楠梓區,2026-01-17,高雄市楠梓區大學二十三街及二十六街口,住宅大樓(11層含以上有電梯),三層,20,2房2廳2衛,30.63,1127.0,181.0,30.88,是,坡道平面,遠雄一靚,
預售屋,楠梓區,2026-01-21,高雄市楠梓區大學二十三街及二十六街口,住宅大樓(11層含以上有電梯),十層,20,2房2廳2衛,33.52,1332.0,211.0,33.44,是,坡道平面,遠雄一靚,
預售屋,楠梓區,2026-01-22,高雄市楠梓區大學二十三街及二十六街口,住宅大樓(11層含以上有電梯),四層,20,2房2廳2衛,33.52,1243.0,191.0,31.38,是,坡道平面,遠雄一靚,
預售屋,楠梓區,2026-01-23,高雄市楠梓區大學二十三街及二十六街口,住宅大樓(11層含以上有電梯),四層,20,2房2廳2衛,29.42,1114.0,191.0,31.37,是,坡道平面,遠雄一靚,含冷氣交易總價含下列非屬預售屋價格之費用:傢俱設備費；
預售屋,楠梓區,2026-01-24,高雄市楠梓區大學二十三街及二十六街口,住宅大樓(11層含以上有電梯),二層,20,2房2廳2衛,30.64,1132.0,191.0,30.71,是,坡道平面,遠雄一靚,
預售屋,楠梓區,2026-01-24,高雄市楠梓區大學二十三街及二十六街口,住宅大樓(11層含以上有電梯),四層,20,2房2廳2衛,30.32,1137.0,191.0,31.2,是,坡道平面,遠雄一靚,
預售屋,楠梓區,2026-01-24,高雄市楠梓區大學二十三街及二十六街口,住宅大樓(11層含以上有電梯),二層,20,3房2廳2衛,38.79,1476.0,201.0,32.87,是,坡道平面,遠雄一靚,
預售屋,楠梓區,2026-01-24,高雄市楠梓區大學二十三街及二十六街口,住宅大樓(11層含以上有電梯),五層,20,2房2廳2衛,30.32,1154.0,191.0,31.76,是,坡道平面,遠雄一靚,
預售屋,楠梓區,2026-01-24,高雄市楠梓區大學二十三街及二十六街口,住宅大樓(11層含以上有電梯),三層,20,2房2廳2衛,33.84,1279.0,181.0,32.45,是,坡道平面,遠雄一靚,
預售屋,楠梓區,2026-01-31,高雄市楠梓區大學二十三街及二十六街口,住宅大樓(11層含以上有電梯),一層,20,0房0廳1衛,56.39,2245.0,191.0,36.42,是,坡道平面,遠雄一靚,
預售屋,楠梓區,2026-02-06,高雄市楠梓區大學二十三街及二十六街口,住宅大樓(11層含以上有電梯),四層,20,2房2廳2衛,30.63,1155.0,191.0,31.47,是,坡道平面,遠雄一靚,含冷氣交易總價含下列非屬預售屋價格之費用:傢俱設備費；
預售屋,楠梓區,2026-02-07,高雄市楠梓區大學二十三街及二十六街口,住宅大樓(11層含以上有電梯),二層,20,3房2廳2衛,40.9,1627.0,201.0,34.87,是,坡道平面,遠雄一靚,含冷氣交易總價含下列非屬預售屋價格之費用:傢俱設備費；
預售屋,三民區,2025-11-29,高雄市三民區九如三路,住宅大樓(11層含以上有電梯),十一層,15,3房2廳2衛,45.85,2285.0,232.0,44.78,是,坡道平面,遠雄沐蘊,交易總價含下列非屬預售屋價格之費用:歐德裝修商品券.禮券費:420000元
預售屋,三民區,2025-12-18,高雄市三民區九如三路,住宅大樓(11層含以上有電梯),九層,15,2房2廳1衛,37.56,1822.0,212.0,42.86,是,坡道平面,遠雄沐蘊,
預售屋,三民區,2025-12-31,高雄市三民區九如三路,住宅大樓(11層含以上有電梯),十二層,15,2房2廳1衛,30.19,1694.0,0.0,56.11,否,,遠雄沐蘊,含冷氣交易總價含下列非屬預售屋價格之費用:傢俱設備費；歐德裝修商品券費:300000元
預售屋,三民區,2026-01-30,高雄市三民區九如三路,住宅大樓(11層含以上有電梯),十三層,15,3房2廳2衛,48.11,2470.0,242.0,46.31,是,坡道平面,遠雄沐蘊,含冷氣交易總價含下列非屬預售屋價格之費用:傢俱設備費；
預售屋,三民區,2025-11-13,高雄市三民區九如一路A03棟F16樓,住宅大樓(11層含以上有電梯),十六層,27,3房2廳2衛,39.98,1870.0,210.0,41.52,是,坡道平面,遠雄峰蘊,含冷氣交易總價含下列非屬預售屋價格之費用:傢俱設備費；
預售屋,三民區,2025-12-13,高雄市三民區九如一路A03棟F19樓,住宅大樓(11層含以上有電梯),十九層,27,3房2廳2衛,39.98,1872.0,199.0,41.85,是,坡道平面,遠雄峰蘊,
預售屋,三民區,2025-12-13,高雄市三民區九如一路A06棟F25樓,住宅大樓(11層含以上有電梯),二十五層,27,2房1廳1衛,30.84,1500.0,199.0,42.19,是,坡道平面,遠雄峰蘊,交易總價含下列非屬預售屋價格之費用:歐德裝修商品券費:150000元
預售屋,三民區,2025-12-13,高雄市三民區九如一路A05棟F08樓,住宅大樓(11層含以上有電梯),八層,27,3房2廳2衛,48.42,2090.0,210.0,38.83,是,坡道平面,遠雄峰蘊,交易總價含下列非屬預售屋價格之費用:歐德裝修商品券費:650000元
預售屋,三民區,2026-01-17,高雄市三民區九如一路B10棟F21樓,住宅大樓(11層含以上有電梯),二十一層,27,3房2廳2衛,49.38,2300.0,220.0,42.12,是,坡道平面,遠雄峰蘊,
預售屋,三民區,2026-01-23,高雄市三民區九如一路B09棟F21樓,住宅大樓(11層含以上有電梯),二十一層,27,3房2廳2衛,43.2,1995.0,200.0,41.55,是,坡道平面,遠雄峰蘊,
預售屋,三民區,2026-01-24,高雄市三民區九如一路B05棟F14樓,住宅大樓(11層含以上有電梯),十四層,27,3房2廳2衛,48.42,2088.0,197.0,39.05,是,坡道平面,遠雄峰蘊,交易總價含下列非屬預售屋價格之費用:歐德裝修商品券費:650000元
預售屋,三民區,2026-02-01,高雄市三民區九如一路A07棟F03樓,住宅大樓(11層含以上有電梯),三層,27,3房2廳2衛,49.38,2028.0,220.0,36.61,是,坡道平面,遠雄峰蘊,含冷氣交易總價含下列非屬預售屋價格之費用:傢俱設備費；
預售屋,三民區,2026-02-04,高雄市三民區九如一路B06棟F18樓,住宅大樓(11層含以上有電梯),十八層,27,2房1廳1衛,24.55,1180.0,0.0,48.07,否,,遠雄峰蘊,
預售屋,三民區,2025-11-27,高雄市三民區平等路和延慶街路口B01棟23樓,住宅大樓(11層含以上有電梯),二十三層,30,3房2廳2衛,57.77,2875.0,240.0,45.61,是,坡道平面,遠雄琢蘊,
預售屋,鹽埕區,2026-01-20,高雄市鹽埕區建國四路,住宅大樓(11層含以上有電梯),二十一層,23,2房2廳2衛,29.17,1502.0,0.0,51.49,否,,駁二AIT,
預售屋,鹽埕區,2026-02-09,高雄市鹽埕區建國四路,住宅大樓(11層含以上有電梯),十九層,23,3房2廳2衛,57.97,2716.0,240.0,42.71,是,坡道平面,駁二AIT,
預售屋,鹽埕區,2026-02-01,高雄市鹽埕區建國四路,住宅大樓(11層含以上有電梯),十二層,23,3房2廳2衛,57.97,2540.0,240.0,39.68,是,坡道平面,駁二AIT,
預售屋,鹽埕區,2026-02-02,高雄市鹽埕區建國四路,住宅大樓(11層含以上有電梯),七層,23,1房1廳1衛,26.72,1129.0,0.0,42.25,否,,駁二AIT,
預售屋,鳳山區,2025-11-20,高雄市鳳山區中山東路,住宅大樓(11層含以上有電梯),十五層,15,2房2廳2衛,41.19,1617.0,215.0,34.04,是,坡道平面,鳳山都更好,
預售屋,苓雅區,2026-01-28,高雄市苓雅區大順三路282巷,華廈(10層含以下有電梯),四層,7,3房2廳2衛,36.06,1552.0,0.0,43.04,否,,賦御皇琚,
預售屋,橋頭區,2025-12-12,高雄市橋頭區成功南路,住宅大樓(11層含以上有電梯),十二層,15,3房2廳2衛,40.82,1610.0,180.0,35.03,是,坡道平面,橋科大極,
預售屋,楠梓區,2025-12-01,高雄市楠梓區興楠路,住宅大樓(11層含以上有電梯),八層,15,4房2廳2衛,45.42,1610.0,180.0,31.48,是,坡道平面,興.楠梓,
預售屋,楠梓區,2025-12-15,高雄市楠梓區興楠路,住宅大樓(11層含以上有電梯),二層,15,2房2廳2衛,26.63,936.0,0.0,35.15,否,,興.楠梓,
預售屋,楠梓區,2026-01-04,高雄市楠梓區興楠路,住宅大樓(11層含以上有電梯),五層,15,2房2廳2衛,34.71,1200.0,160.0,29.96,是,坡道平面,興.楠梓,
預售屋,小港區,2025-12-21,高雄市小港區坪鳳段686地號,華廈(10層含以下有電梯),四層,5,3房2廳1衛,23.41,630.0,0.0,26.91,否,,興璽智慧宅2,
預售屋,左營區,2025-11-15,高雄市左營區文育路2號八樓之2,住宅大樓(11層含以上有電梯),八層,14,3房2廳2衛,45.21,2063.0,210.0,40.99,是,坡道平面,靜 界,雨遮不計價
預售屋,左營區,2025-11-27,高雄市左營區文育路6號七樓之2,住宅大樓(11層含以上有電梯),七層,14,3房2廳2衛,45.21,1998.0,180.0,40.21,是,坡道平面,靜 界,雨遮不計價
預售屋,左營區,2025-12-14,高雄市左營區文育路2號九樓之1,住宅大樓(11層含以上有電梯),九層,14,3房2廳2衛,53.35,2558.0,230.0,43.64,是,坡道平面,靜 界,雨遮不計價
預售屋,左營區,2025-12-13,高雄市左營區文育路2號二樓,住宅大樓(11層含以上有電梯),二層,14,3房2廳2衛,56.97,2518.0,260.0,39.63,是,坡道平面,靜 界,雨遮不計價
預售屋,仁武區,2025-12-29,高雄市仁武區京富路,住宅大樓(11層含以上有電梯),五層,15,1房1廳2衛,28.19,785.0,160.0,22.17,是,坡道平面,龍騰鑫世紀,
預售屋,楠梓區,2025-11-15,高雄市楠梓區壽民路與壽民路105巷,住宅大樓(11層含以上有電梯),十四層,15,2房1廳1衛,29.79,1016.0,210.0,27.06,是,坡道平面,聯上世界極,
預售屋,楠梓區,2026-01-10,高雄市楠梓區壽民路與壽民路105巷,住宅大樓(11層含以上有電梯),十三層,15,2房1廳1衛,29.79,1015.0,210.0,27.02,是,坡道平面,聯上世界極,
預售屋,楠梓區,2026-01-24,高雄市楠梓區壽民路與壽民路105巷,住宅大樓(11層含以上有電梯),五層,15,2房1廳1衛,22.07,820.0,0.0,37.15,否,,聯上世界極,
預售屋,左營區,2025-11-11,高雄市左營區左營大路與?後街42巷,住宅大樓(11層含以上有電梯),四層,29,2房1廳1衛,27.05,843.0,0.0,31.16,否,,聯上芯城,
預售屋,左營區,2025-11-23,高雄市左營區左營大路與?後街42巷,住宅大樓(11層含以上有電梯),三層,29,2房2廳2衛,44.95,1352.0,190.0,25.85,是,坡道平面,聯上芯城,
預售屋,左營區,2025-12-18,高雄市左營區左營大路與?後街42巷,住宅大樓(11層含以上有電梯),十三層,29,2房2廳2衛,50.93,1763.0,235.0,30.0,是,坡道平面,聯上芯城,
預售屋,左營區,2026-01-09,高雄市左營區左營大路與?後街42巷,住宅大樓(11層含以上有電梯),六層,29,2房2廳2衛,50.93,1533.0,220.0,25.78,是,坡道平面,聯上芯城,
預售屋,左營區,2026-01-10,高雄市左營區左營大路與?後街42巷,住宅大樓(11層含以上有電梯),十六層,29,2房1廳1衛,29.28,1148.0,150.0,34.08,是,坡道機械,聯上芯城,
預售屋,左營區,2026-01-11,高雄市左營區左營大路與?後街42巷,住宅大樓(11層含以上有電梯),七層,29,2房2廳2衛,50.93,1561.0,220.0,26.33,是,坡道平面,聯上芯城,
預售屋,左營區,2026-02-06,高雄市左營區左營大路與?後街42巷,住宅大樓(11層含以上有電梯),二層,29,2房1廳1衛,26.38,809.0,0.0,30.67,否,,聯上芯城,
預售屋,前金區,2026-02-04,高雄市前金區成功一路,住宅大樓(11層含以上有電梯),二十五層,29,3房2廳3衛,88.27,4420.0,540.0,43.96,是,坡道平面,聯上鉑金,
預售屋,小港區,2025-12-12,高雄市小港區漢威街及港後路口,住宅大樓(11層含以上有電梯),十二層,15,3房2廳2衛,43.55,1310.0,185.0,25.83,是,坡道平面,曜．安庭,
預售屋,小港區,2026-01-03,高雄市小港區漢威街及港後路口,住宅大樓(11層含以上有電梯),十三層,15,3房2廳2衛,43.55,1345.0,205.0,26.18,是,坡道平面,曜．安庭,
預售屋,小港區,2026-01-10,高雄市小港區漢威街及港後路口,住宅大樓(11層含以上有電梯),六層,15,3房2廳2衛,43.55,1251.0,185.0,24.48,是,坡道平面,曜．安庭,
預售屋,鳳山區,2025-12-23,高雄市鳳山區勝中路與勝愛街口,住宅大樓(11層含以上有電梯),四層,15,0房2廳2衛,33.39,1130.0,155.0,29.2,是,坡道平面,藏美東京都,此戶含禮卷10萬元
預售屋,前金區,2026-02-05,高雄市前金區七賢二路394號,住宅大樓(11層含以上有電梯),七層,32,3房2廳2衛,31.96,1480.0,120.0,42.55,是,坡道機械,豐邑TOP+,
預售屋,新興區,2025-11-21,高雄市新興區五福一街,住宅大樓(11層含以上有電梯),十四層,15,2房2廳2衛,46.04,2160.0,240.0,41.7,是,坡道平面,寶象文化豆,
預售屋,鼓山區,2026-01-04,高雄市鼓山區美術東六街,住宅大樓(11層含以上有電梯),十四層,15,3房2廳2衛,40.39,2035.0,240.0,44.44,是,坡道平面,耀美術,
預售屋,橋頭區,2026-01-31,高雄市橋頭區南北路VS鹽田路,華廈(10層含以下有電梯),五層,5,2房1廳1衛,26.24,960.0,160.0,30.49,是,一樓平面,鹽序,交易總價含下列非屬預售屋價格之費用:裝潢費；
